timestamp,flow,protocol,final_risk,ml_prob,stat_score,iforest_risk
1768847319.5760448,192.168.1.4_224.0.0.22_OTHER,OTHER,72.67,72.67,4.29,226.69
1768847319.6010408,192.168.1.4_224.0.0.22_OTHER,OTHER,72.67,72.67,4.29,226.68
1768847319.7310412,192.168.1.4_224.0.0.22_OTHER,OTHER,72.67,72.67,4.29,227.08
1768847330.4990048,192.168.1.4_34.139.124.58_HTTPS,HTTPS,62.0,62.0,6.78,223.13
1768847330.7058911,34.139.124.58_192.168.1.4_HTTPS,HTTPS,64.67,64.67,9.27,204.39
1768847330.7338827,192.168.1.4_34.139.124.58_HTTPS,HTTPS,62.0,62.0,6.78,223.15
1768847330.7588828,192.168.1.4_34.139.124.58_HTTPS,HTTPS,62.0,62.0,6.78,223.16
1768847330.7859056,34.139.124.58_192.168.1.4_HTTPS,HTTPS,64.67,64.67,9.27,204.31
1768847330.8038828,192.168.1.4_34.139.124.58_HTTPS,HTTPS,62.0,62.0,6.78,223.11
1768847330.838803,192.168.1.4_34.139.124.58_HTTPS,HTTPS,62.0,62.0,6.78,223.08
1768847330.8648198,192.168.1.4_34.139.124.58_HTTPS,HTTPS,62.0,62.0,6.78,223.06
1768847330.8917832,192.168.1.4_34.139.124.58_HTTPS,HTTPS,62.0,62.0,6.78,223.32
1768847331.1387928,34.139.124.58_192.168.1.4_HTTPS,HTTPS,64.67,64.67,9.27,203.96
1768847331.166443,34.139.124.58_192.168.1.4_HTTPS,HTTPS,64.67,64.67,9.27,203.95
1768847331.1924791,34.139.124.58_192.168.1.4_HTTPS,HTTPS,64.67,64.67,9.27,204.19
1768847331.2194417,34.139.124.58_192.168.1.4_HTTPS,HTTPS,64.67,64.67,9.27,204.16
1768847331.2504413,34.139.124.58_192.168.1.4_HTTPS,HTTPS,64.67,64.67,9.27,204.13
1768847331.2839956,34.139.124.58_192.168.1.4_HTTPS,HTTPS,64.67,64.67,9.27,204.1
1768847331.3030365,192.168.1.4_34.139.124.58_HTTPS,HTTPS,62.0,62.0,6.78,222.89
1768847331.3300202,192.168.1.4_34.139.124.58_HTTPS,HTTPS,62.0,62.0,6.78,222.86
1768847331.35302,192.168.1.4_34.139.124.58_HTTPS,HTTPS,62.0,62.0,6.78,222.84
1768847331.382998,192.168.1.4_34.139.124.58_HTTPS,HTTPS,62.0,62.0,6.78,222.81
1768847331.405998,192.168.1.4_34.139.124.58_HTTPS,HTTPS,62.0,62.0,6.78,222.78
1768847331.4299996,192.168.1.4_34.139.124.58_HTTPS,HTTPS,62.0,62.0,6.78,222.76
1768847331.4519973,192.168.1.4_34.139.124.58_HTTPS,HTTPS,62.0,62.0,6.78,222.74
1768847331.4834294,192.168.1.4_34.139.124.58_HTTPS,HTTPS,62.0,62.0,6.78,223.0
1768847331.513425,192.168.1.4_34.139.124.58_HTTPS,HTTPS,62.0,62.0,6.78,222.96
1768847331.5324316,192.168.1.4_34.139.124.58_HTTPS,HTTPS,62.0,62.0,6.78,222.95
1768847331.5594256,192.168.1.4_34.139.124.58_HTTPS,HTTPS,62.0,62.0,6.78,222.92
1768847331.5824528,192.168.1.4_34.139.124.58_HTTPS,HTTPS,62.0,62.0,6.78,222.9
1768847331.610427,34.139.124.58_192.168.1.4_HTTPS,HTTPS,64.67,64.67,9.27,203.77
1768847331.6404314,34.139.124.58_192.168.1.4_HTTPS,HTTPS,64.67,64.67,9.27,203.75
1768847331.6734285,34.139.124.58_192.168.1.4_HTTPS,HTTPS,64.67,64.67,9.27,203.71
1768847331.7034285,192.168.1.4_34.139.124.58_HTTPS,HTTPS,62.0,62.0,6.78,222.77
1768847331.7364385,192.168.1.4_34.139.124.58_HTTPS,HTTPS,62.0,62.0,6.78,222.73
1768847331.7714286,34.139.124.58_192.168.1.4_HTTPS,HTTPS,64.67,64.67,9.27,203.62
1768847331.8024309,34.139.124.58_192.168.1.4_HTTPS,HTTPS,64.67,64.67,9.27,203.94
1768847331.834427,34.139.124.58_192.168.1.4_HTTPS,HTTPS,64.67,64.67,9.27,203.91
1768847331.8644295,34.139.124.58_192.168.1.4_HTTPS,HTTPS,64.67,64.67,9.27,203.88
1768847331.895427,34.139.124.58_192.168.1.4_HTTPS,HTTPS,64.67,64.67,9.27,203.85
1768847331.9224489,192.168.1.4_34.139.124.58_HTTPS,HTTPS,62.0,62.0,6.78,222.54
1768847331.953424,192.168.1.4_34.139.124.58_HTTPS,HTTPS,62.0,62.0,6.78,222.51
1768847331.9844313,192.168.1.4_34.139.124.58_HTTPS,HTTPS,62.0,62.0,6.78,222.86
1768847332.0164287,192.168.1.4_34.139.124.58_HTTPS,HTTPS,62.0,62.0,6.78,222.82
1768847332.041426,192.168.1.4_34.139.124.58_HTTPS,HTTPS,62.0,62.0,6.78,224.56
1768847332.0724287,192.168.1.4_34.139.124.58_HTTPS,HTTPS,62.0,62.0,6.78,224.53
1768847332.104427,192.168.1.4_34.139.124.58_HTTPS,HTTPS,62.0,62.0,6.78,224.5
1768847332.1354487,34.139.124.58_192.168.1.4_HTTPS,HTTPS,64.67,64.67,9.27,203.61
1768847332.1674244,34.139.124.58_192.168.1.4_HTTPS,HTTPS,64.67,64.67,9.27,203.58
1768847332.1914372,34.139.124.58_192.168.1.4_HTTPS,HTTPS,64.67,64.67,9.27,203.55
1768847332.2234368,34.139.124.58_192.168.1.4_HTTPS,HTTPS,64.67,64.67,9.27,203.52
1768847332.2544334,34.139.124.58_192.168.1.4_HTTPS,HTTPS,64.67,64.67,9.27,203.99
1768847332.2854276,192.168.1.4_34.139.124.58_HTTPS,HTTPS,62.0,62.0,6.78,224.68
1768847332.3184657,34.139.124.58_192.168.1.4_HTTPS,HTTPS,64.67,64.67,9.27,205.45
1768847332.3484275,34.139.124.58_192.168.1.4_HTTPS,HTTPS,64.67,64.67,9.27,205.42
1768847332.3784277,34.139.124.58_192.168.1.4_HTTPS,HTTPS,64.67,64.67,9.27,205.39
1768847332.4104488,34.139.124.58_192.168.1.4_HTTPS,HTTPS,64.67,64.67,9.27,205.36
1768847332.4424303,192.168.1.4_34.139.124.58_HTTPS,HTTPS,63.33,63.33,6.2,247.53
1768847332.4734285,34.139.124.58_192.168.1.4_HTTPS,HTTPS,64.67,64.67,9.27,205.82
1768847332.5054488,34.139.124.58_192.168.1.4_HTTPS,HTTPS,64.67,64.67,9.27,209.68
1768847332.5374486,34.139.124.58_192.168.1.4_HTTPS,HTTPS,64.67,64.67,8.14,217.35
1768847332.5694492,34.139.124.58_192.168.1.4_HTTPS,HTTPS,64.67,64.67,7.35,232.19
1768847332.6024268,192.168.1.4_34.139.124.58_HTTPS,HTTPS,62.0,62.0,6.2,250.09
1768847333.1753156,192.168.1.4_34.139.124.58_HTTPS,HTTPS,64.67,64.67,5.05,278.48
1768847333.5849917,34.139.124.58_192.168.1.4_HTTPS,HTTPS,64.67,64.67,6.2,246.0
1768847333.6069908,34.139.124.58_192.168.1.4_HTTPS,HTTPS,63.33,63.33,6.2,248.76
1768847333.6289907,34.139.124.58_192.168.1.4_HTTPS,HTTPS,64.67,64.67,5.05,277.64
1768847359.2244604,192.168.1.4_224.0.0.22_OTHER,OTHER,72.67,72.67,4.71,208.13
1768847359.2494698,192.168.1.4_224.0.0.22_OTHER,OTHER,72.67,72.67,4.71,208.12
1768847359.7272353,192.168.1.4_224.0.0.22_OTHER,OTHER,72.67,72.67,4.71,207.79
1768847360.08981,192.168.1.4_224.0.0.22_OTHER,OTHER,72.67,72.67,4.29,226.68
1768847360.1118114,192.168.1.4_224.0.0.22_OTHER,OTHER,72.67,72.67,4.29,226.66
1768847360.2294943,192.168.1.4_224.0.0.22_OTHER,OTHER,72.67,72.67,4.29,227.07
1768847399.228413,192.168.1.4_224.0.0.22_OTHER,OTHER,72.67,72.67,4.71,208.1
1768847399.253433,192.168.1.4_224.0.0.22_OTHER,OTHER,72.67,72.67,4.71,208.09
1768847399.7292023,192.168.1.4_224.0.0.22_OTHER,OTHER,72.67,72.67,4.71,207.79
1768847400.0918255,192.168.1.4_224.0.0.22_OTHER,OTHER,72.67,72.67,4.29,226.68
1768847400.111862,192.168.1.4_224.0.0.22_OTHER,OTHER,72.67,72.67,4.29,226.67
1768847400.2191358,192.168.1.4_224.0.0.22_OTHER,OTHER,72.67,72.67,4.29,227.08
1768847439.2316122,192.168.1.4_224.0.0.22_OTHER,OTHER,72.67,72.67,4.71,208.12
1768847439.2577567,192.168.1.4_224.0.0.22_OTHER,OTHER,72.67,72.67,4.71,208.1
1768847439.7319508,192.168.1.4_224.0.0.22_OTHER,OTHER,72.67,72.67,4.71,207.79
1768847440.0961103,192.168.1.4_224.0.0.22_OTHER,OTHER,72.67,72.67,4.29,226.68
1768847440.1191475,192.168.1.4_224.0.0.22_OTHER,OTHER,72.67,72.67,4.29,226.66
1768847440.2209404,192.168.1.4_224.0.0.22_OTHER,OTHER,72.67,72.67,4.29,227.1
1768847440.5391543,192.168.1.4_224.0.0.252_UDP,UDP,72.67,72.67,5.4,174.3
1768847479.2280052,192.168.1.4_224.0.0.22_OTHER,OTHER,72.67,72.67,4.71,208.11
1768847479.2492418,192.168.1.4_224.0.0.22_OTHER,OTHER,72.67,72.67,4.71,208.1
1768847479.2732449,192.168.1.4_224.0.0.252_UDP,UDP,72.67,72.67,5.69,163.32
1768847479.6528409,192.168.1.4_224.0.0.252_UDP,UDP,72.67,72.67,5.69,163.35
1768847479.7297912,192.168.1.4_224.0.0.22_OTHER,OTHER,72.67,72.67,4.71,207.79
1768847480.0738204,192.168.1.4_224.0.0.22_OTHER,OTHER,72.67,72.67,4.29,226.7
1768847480.0998561,192.168.1.4_224.0.0.22_OTHER,OTHER,72.67,72.67,4.29,226.69
1768847480.1188397,192.168.1.4_224.0.0.252_UDP,UDP,72.67,72.67,5.69,163.32
1768847480.2305357,192.168.1.4_224.0.0.22_OTHER,OTHER,72.67,72.67,4.29,227.09
1768847480.5161672,192.168.1.4_224.0.0.252_UDP,UDP,72.67,72.67,5.4,174.32
1768847519.2290375,192.168.1.4_224.0.0.22_OTHER,OTHER,72.67,72.67,4.71,208.11
1768847519.262044,192.168.1.4_224.0.0.22_OTHER,OTHER,72.67,72.67,4.71,208.09
1768847519.2840395,192.168.1.4_224.0.0.252_UDP,UDP,72.67,72.67,5.69,163.34
1768847519.6680954,192.168.1.4_224.0.0.252_UDP,UDP,72.67,72.67,5.69,163.36
1768847519.7302787,192.168.1.4_224.0.0.22_OTHER,OTHER,72.67,72.67,4.71,207.79
1768847520.1007342,192.168.1.4_224.0.0.22_OTHER,OTHER,72.67,72.67,4.29,226.66
1768847520.1237109,192.168.1.4_224.0.0.22_OTHER,OTHER,72.67,72.67,4.29,226.65
1768847520.1417108,192.168.1.4_224.0.0.252_UDP,UDP,72.67,72.67,5.69,163.33
1768847520.220112,192.168.1.4_224.0.0.22_OTHER,OTHER,72.67,72.67,4.29,227.09
1768847520.5235326,192.168.1.4_224.0.0.252_UDP,UDP,72.67,72.67,5.4,174.34
1768847559.2350519,192.168.1.4_224.0.0.22_OTHER,OTHER,72.67,72.67,4.71,208.12
1768847559.2650716,192.168.1.4_224.0.0.22_OTHER,OTHER,72.67,72.67,4.71,208.1
1768847559.2840483,192.168.1.4_224.0.0.252_UDP,UDP,72.67,72.67,5.69,163.35
1768847559.6757705,192.168.1.4_224.0.0.252_UDP,UDP,72.67,72.67,5.69,163.37
1768847559.7205732,192.168.1.4_224.0.0.22_OTHER,OTHER,72.67,72.67,4.71,207.8
1768847560.092477,192.168.1.4_224.0.0.22_OTHER,OTHER,72.67,72.67,4.29,226.68
1768847560.1244738,192.168.1.4_224.0.0.22_OTHER,OTHER,72.67,72.67,4.29,226.66
1768847560.145474,192.168.1.4_224.0.0.252_UDP,UDP,72.67,72.67,5.69,163.34
1768847560.2316546,192.168.1.4_224.0.0.22_OTHER,OTHER,72.67,72.67,4.29,227.09
1768847560.5340815,192.168.1.4_224.0.0.252_UDP,UDP,72.67,72.67,5.4,174.35
1768848013.5830233,192.168.1.4_20.192.44.82_HTTPS,HTTPS,60.67,60.67,11.96,154.39
1768848025.5436032,192.168.1.4_20.192.44.82_HTTPS,HTTPS,62.0,62.0,13.74,142.24
1768848025.590474,20.192.44.82_192.168.1.4_HTTPS,HTTPS,60.0,60.0,13.74,143.17
1768848029.5773203,192.168.1.4_20.192.44.82_HTTPS,HTTPS,62.0,62.0,14.31,137.57
1768848032.745002,192.168.1.4_20.192.44.82_HTTPS,HTTPS,61.33,61.33,14.78,133.87
1768848044.5844867,192.168.1.4_20.192.44.82_HTTPS,HTTPS,64.67,64.67,15.32,126.74
1768848048.8125672,192.168.1.4_20.192.44.82_HTTPS,HTTPS,63.33,63.33,15.69,122.6
1768848058.5491536,192.168.1.4_20.192.44.82_HTTPS,HTTPS,63.33,63.33,16.7,116.46
1768848062.5114105,192.168.1.4_20.192.44.82_HTTPS,HTTPS,60.0,60.0,17.0,112.88
1768848226.227153,192.168.1.4_224.0.0.22_OTHER,OTHER,62.0,62.0,6.14,222.91
1768848226.2478957,192.168.1.4_224.0.0.22_OTHER,OTHER,62.0,62.0,6.14,222.91
1768848226.7299604,192.168.1.4_224.0.0.22_OTHER,OTHER,62.67,62.67,6.14,223.41
1768848227.0655336,192.168.1.4_224.0.0.22_OTHER,OTHER,72.67,72.67,4.99,243.85
1768848227.087099,192.168.1.4_224.0.0.22_OTHER,OTHER,72.67,72.67,4.99,243.86
1768848227.2206552,192.168.1.4_224.0.0.22_OTHER,OTHER,72.67,72.67,4.99,244.2
1768848266.22474,192.168.1.4_224.0.0.22_OTHER,OTHER,72.67,72.67,5.44,222.74
1768848266.2587392,192.168.1.4_224.0.0.22_OTHER,OTHER,72.67,72.67,5.44,222.74
1768848266.9307408,192.168.1.4_224.0.0.22_OTHER,OTHER,72.67,72.67,5.44,222.28
1768848267.0737429,192.168.1.4_224.0.0.22_OTHER,OTHER,72.67,72.67,4.99,243.91
1768848267.0997615,192.168.1.4_224.0.0.22_OTHER,OTHER,72.67,72.67,4.99,243.9
1768848267.2295063,192.168.1.4_224.0.0.22_OTHER,OTHER,72.67,72.67,4.99,244.24
1768848306.2284653,192.168.1.4_224.0.0.22_OTHER,OTHER,72.67,72.67,5.44,222.58
1768848306.250487,192.168.1.4_224.0.0.22_OTHER,OTHER,72.67,72.67,5.44,222.59
1768848306.720468,192.168.1.4_224.0.0.22_OTHER,OTHER,72.67,72.67,5.44,222.3
1768848307.0908213,192.168.1.4_224.0.0.22_OTHER,OTHER,70.0,70.0,4.99,243.65
1768848307.1148431,192.168.1.4_224.0.0.22_OTHER,OTHER,70.0,70.0,4.99,243.66
1768848307.228828,192.168.1.4_224.0.0.22_OTHER,OTHER,70.0,70.0,4.99,244.02
1768848337.7062342,192.168.1.4_20.192.44.82_HTTPS,HTTPS,61.33,61.33,22.35,46.01
1768848337.725234,20.192.44.82_192.168.1.4_HTTPS,HTTPS,61.33,61.33,22.0,46.65
1768848345.6463535,20.192.44.82_192.168.1.4_HTTPS,HTTPS,73.33,73.33,22.11,43.22
1768848345.6926675,192.168.1.4_20.192.44.82_HTTPS,HTTPS,73.33,73.33,22.28,42.55
1768848347.1528988,192.168.1.4_224.0.0.252_UDP,UDP,72.67,72.67,7.33,175.4
1768848347.568664,192.168.1.4_224.0.0.22_OTHER,OTHER,72.67,72.67,4.29,227.61
1768848347.5946908,192.168.1.4_224.0.0.22_OTHER,OTHER,72.67,72.67,4.29,227.6
1768848347.6126652,192.168.1.4_224.0.0.252_UDP,UDP,72.67,72.67,7.33,175.71
1768848347.721655,192.168.1.4_224.0.0.22_OTHER,OTHER,72.67,72.67,4.29,227.57
1768848348.0077186,192.168.1.4_224.0.0.252_UDP,UDP,72.67,72.67,6.21,186.16
1768848353.5848436,192.168.1.4_20.192.44.82_HTTPS,HTTPS,73.33,73.33,21.95,41.75
1768848353.6297648,20.192.44.82_192.168.1.4_HTTPS,HTTPS,73.33,73.33,21.41,42.31
1768848355.5344033,192.168.1.4_20.192.44.82_HTTPS,HTTPS,73.33,73.33,21.37,43.31
1768848355.5634015,20.192.44.82_192.168.1.4_HTTPS,HTTPS,73.33,73.33,21.53,44.03
1768848360.6320753,20.192.44.82_192.168.1.4_HTTPS,HTTPS,73.33,73.33,21.53,44.13
1768848360.684073,192.168.1.4_20.192.44.82_HTTPS,HTTPS,73.33,73.33,21.53,43.41
1768848369.5787375,192.168.1.4_20.192.44.82_HTTPS,HTTPS,73.33,73.33,21.58,43.48
1768848369.6053364,20.192.44.82_192.168.1.4_HTTPS,HTTPS,73.33,73.33,21.58,44.18
1768848375.759864,20.192.44.82_192.168.1.4_HTTPS,HTTPS,73.33,73.33,21.53,43.75
1768848375.8063388,192.168.1.4_20.192.44.82_HTTPS,HTTPS,73.33,73.33,21.53,43.04
1768848384.5800183,192.168.1.4_20.192.44.82_HTTPS,HTTPS,73.33,73.33,21.41,42.89
1768848384.607054,20.192.44.82_192.168.1.4_HTTPS,HTTPS,73.33,73.33,21.48,43.57
1768848385.536131,192.168.1.4_20.192.44.82_HTTPS,HTTPS,73.33,73.33,21.41,44.38
1768848385.5791354,20.192.44.82_192.168.1.4_HTTPS,HTTPS,73.33,73.33,21.48,45.1
1768848386.7279737,192.168.1.4_224.0.0.22_OTHER,OTHER,72.67,72.67,4.71,208.2
1768848386.753977,192.168.1.4_224.0.0.22_OTHER,OTHER,72.67,72.67,4.71,208.19
1768848386.7719772,192.168.1.4_224.0.0.252_UDP,UDP,72.67,72.67,6.53,173.88
1768848387.156931,192.168.1.4_224.0.0.252_UDP,UDP,72.67,72.67,6.53,173.92
1768848387.2199092,192.168.1.4_224.0.0.22_OTHER,OTHER,72.67,72.67,4.71,207.8
1768848387.6337903,192.168.1.4_224.0.0.22_OTHER,OTHER,72.67,72.67,4.29,226.64
1768848387.6537907,192.168.1.4_224.0.0.22_OTHER,OTHER,72.67,72.67,4.29,226.64
1768848387.7897902,192.168.1.4_224.0.0.252_UDP,UDP,72.67,72.67,6.53,173.79
1768848387.8837905,192.168.1.4_224.0.0.22_OTHER,OTHER,72.67,72.67,4.29,226.91
1768848388.0017831,192.168.1.4_224.0.0.252_UDP,UDP,72.67,72.67,6.21,186.18
1768848389.8024538,3.111.241.224_192.168.1.4_HTTPS,HTTPS,64.67,64.67,16.34,110.95
1768848391.6779394,20.192.44.82_192.168.1.4_HTTPS,HTTPS,73.33,73.33,21.32,45.22
1768848391.7240796,192.168.1.4_20.192.44.82_HTTPS,HTTPS,73.33,73.33,21.32,44.48
1768848396.1773653,192.168.1.4_3.111.241.224_HTTPS,HTTPS,64.67,64.67,16.76,107.53
1768848396.206365,3.111.241.224_192.168.1.4_HTTPS,HTTPS,64.67,64.67,16.76,107.53
1768848400.5722082,192.168.1.4_20.192.44.82_HTTPS,HTTPS,73.33,73.33,21.32,44.5
1768848400.618777,20.192.44.82_192.168.1.4_HTTPS,HTTPS,73.33,73.33,21.32,45.23
1768848407.6261325,20.192.44.82_192.168.1.4_HTTPS,HTTPS,73.33,73.33,21.32,44.91
1768848407.6712341,192.168.1.4_20.192.44.82_HTTPS,HTTPS,73.33,73.33,21.25,44.23
1768848410.2498808,3.111.241.224_192.168.1.4_HTTPS,HTTPS,64.67,64.67,17.4,102.27
1768848410.2688832,192.168.1.4_3.111.241.224_HTTPS,HTTPS,64.67,64.67,17.4,102.27
1768848415.5355244,192.168.1.4_20.192.44.82_HTTPS,HTTPS,73.33,73.33,21.21,44.03
1768848415.582724,20.192.44.82_192.168.1.4_HTTPS,HTTPS,73.33,73.33,21.16,44.64
1768848415.6047463,192.168.1.4_20.192.44.82_HTTPS,HTTPS,73.33,73.33,20.49,45.81
1768848415.6247258,20.192.44.82_192.168.1.4_HTTPS,HTTPS,73.33,73.33,20.88,46.49
1768848422.6512113,20.192.44.82_192.168.1.4_HTTPS,HTTPS,73.33,73.33,20.8,46.49
1768848422.6983073,192.168.1.4_20.192.44.82_HTTPS,HTTPS,73.33,73.33,20.52,45.79
1768848426.7370503,192.168.1.4_224.0.0.22_OTHER,OTHER,72.67,72.67,4.71,207.97
1768848426.7610724,192.168.1.4_224.0.0.22_OTHER,OTHER,72.67,72.67,4.71,207.97
1768848426.781058,192.168.1.4_224.0.0.252_UDP,UDP,72.67,72.67,6.53,173.92
1768848427.1678178,192.168.1.4_224.0.0.252_UDP,UDP,72.67,72.67,6.53,173.83
1768848427.2265916,192.168.1.4_224.0.0.22_OTHER,OTHER,72.67,72.67,4.71,207.66
1768848427.5931032,192.168.1.4_224.0.0.22_OTHER,OTHER,72.67,72.67,4.29,226.51
1768848427.6156669,192.168.1.4_224.0.0.22_OTHER,OTHER,72.67,72.67,4.29,226.51
1768848427.6346273,192.168.1.4_224.0.0.252_UDP,UDP,72.67,72.67,6.53,173.78
1768848427.7312548,192.168.1.4_224.0.0.22_OTHER,OTHER,72.67,72.67,4.29,226.9
1768848428.0221083,192.168.1.4_224.0.0.252_UDP,UDP,72.67,72.67,6.21,186.05
1768848430.8513706,3.111.241.224_192.168.1.4_HTTPS,HTTPS,64.67,64.67,17.57,97.42
1768848430.870386,192.168.1.4_3.111.241.224_HTTPS,HTTPS,64.67,64.67,17.57,97.42
1768848431.5800092,192.168.1.4_20.192.44.82_HTTPS,HTTPS,73.33,73.33,20.45,45.87
1768848431.6274567,20.192.44.82_192.168.1.4_HTTPS,HTTPS,73.33,73.33,20.76,46.5
1768848438.6315386,20.192.44.82_192.168.1.4_HTTPS,HTTPS,73.33,73.33,20.8,46.37
1768848438.6785429,192.168.1.4_20.192.44.82_HTTPS,HTTPS,73.33,73.33,20.45,45.81
1768848441.2116747,192.168.1.4_3.111.241.224_HTTPS,HTTPS,64.67,64.67,18.17,93.24
1768848441.2396786,3.111.241.224_192.168.1.4_HTTPS,HTTPS,64.67,64.67,18.17,93.23
1768848445.5411582,192.168.1.4_20.192.44.82_HTTPS,HTTPS,73.33,73.33,20.45,45.69
1768848445.5864027,20.192.44.82_192.168.1.4_HTTPS,HTTPS,73.33,73.33,20.57,46.22
1768848447.5825262,192.168.1.4_20.192.44.82_HTTPS,HTTPS,73.33,73.33,20.36,44.74
1768848447.6299684,20.192.44.82_192.168.1.4_HTTPS,HTTPS,73.33,73.33,20.57,45.34
1768848451.3119226,3.111.241.224_192.168.1.4_HTTPS,HTTPS,64.67,64.67,18.76,89.24
1768848451.353922,192.168.1.4_3.111.241.224_HTTPS,HTTPS,64.67,64.67,18.76,89.28
1768848453.6691496,20.192.44.82_192.168.1.4_HTTPS,HTTPS,73.33,73.33,20.76,45.46
1768848453.7181334,192.168.1.4_20.192.44.82_HTTPS,HTTPS,73.33,73.33,20.4,44.83
1768848460.9045,3.111.241.224_192.168.1.4_HTTPS,HTTPS,64.67,64.67,19.19,85.46
1768848460.9245405,3.111.241.224_192.168.1.4_HTTPS,HTTPS,64.67,64.67,19.19,85.45
1768848460.9425273,192.168.1.4_3.111.241.224_HTTPS,HTTPS,64.67,64.67,19.19,85.5
1768848463.585531,192.168.1.4_20.192.44.82_HTTPS,HTTPS,73.33,73.33,20.56,45.25
1768848463.6305394,20.192.44.82_192.168.1.4_HTTPS,HTTPS,73.33,73.33,20.99,45.88
1768848466.731331,192.168.1.4_224.0.0.22_OTHER,OTHER,72.67,72.67,4.71,207.98
1768848466.7573817,192.168.1.4_224.0.0.22_OTHER,OTHER,72.67,72.67,4.71,207.98
1768848466.7793462,192.168.1.4_224.0.0.252_UDP,UDP,72.67,72.67,6.53,173.78
1768848467.173275,192.168.1.4_224.0.0.252_UDP,UDP,72.67,72.67,6.53,173.82
1768848467.2197704,192.168.1.4_224.0.0.22_OTHER,OTHER,72.67,72.67,4.71,207.65
1768848467.5847294,192.168.1.4_224.0.0.22_OTHER,OTHER,72.67,72.67,4.29,226.51
1768848467.6057656,192.168.1.4_224.0.0.22_OTHER,OTHER,72.67,72.67,4.29,226.51
1768848467.6247277,192.168.1.4_224.0.0.252_UDP,UDP,72.67,72.67,6.53,173.78
1768848467.72501,192.168.1.4_224.0.0.22_OTHER,OTHER,72.67,72.67,4.29,226.91
1768848468.017283,192.168.1.4_224.0.0.252_UDP,UDP,72.67,72.67,5.4,175.08
1768848468.7327108,20.192.44.82_192.168.1.4_HTTPS,HTTPS,73.33,73.33,21.09,46.13
1768848468.7792025,192.168.1.4_20.192.44.82_HTTPS,HTTPS,73.33,73.33,20.81,45.46
1768848475.5307434,192.168.1.4_20.192.44.82_HTTPS,HTTPS,73.33,73.33,20.56,45.35
1768848475.5786438,20.192.44.82_192.168.1.4_HTTPS,HTTPS,73.33,73.33,20.92,46.0
1768848476.0584166,192.168.1.4_13.67.9.5_HTTPS,HTTPS,64.67,64.67,12.77,128.77
1768848479.5717943,192.168.1.4_20.192.44.82_HTTPS,HTTPS,73.33,73.33,20.65,43.18
1768848479.6497734,20.192.44.82_192.168.1.4_HTTPS,HTTPS,73.33,73.33,20.92,43.76
1768848484.706305,20.192.44.82_192.168.1.4_HTTPS,HTTPS,73.33,73.33,20.92,44.14
1768848484.7538998,192.168.1.4_20.192.44.82_HTTPS,HTTPS,73.33,73.33,20.96,43.52
1768848493.8368754,192.168.1.4_13.67.9.5_HTTPS,HTTPS,64.67,64.67,13.48,124.23
1768848493.8698752,192.168.1.4_13.67.9.5_HTTPS,HTTPS,63.33,63.33,13.48,124.31
1768848493.8908918,192.168.1.4_13.67.9.5_HTTPS,HTTPS,60.0,60.0,13.48,124.3
1768848494.5764244,192.168.1.4_20.192.44.82_HTTPS,HTTPS,73.33,73.33,21.09,43.97
1768848494.6246662,20.192.44.82_192.168.1.4_HTTPS,HTTPS,73.33,73.33,21.09,44.6
1768848499.653051,20.192.44.82_192.168.1.4_HTTPS,HTTPS,73.33,73.33,21.2,44.85
1768848499.6994648,192.168.1.4_20.192.44.82_HTTPS,HTTPS,73.33,73.33,21.21,44.19
1768848505.5354273,192.168.1.4_20.192.44.82_HTTPS,HTTPS,73.33,73.33,21.06,43.93
1768848505.579605,20.192.44.82_192.168.1.4_HTTPS,HTTPS,73.33,73.33,21.09,44.57
1768848506.7245762,192.168.1.4_224.0.0.22_OTHER,OTHER,72.67,72.67,4.71,207.96
1768848506.7495944,192.168.1.4_224.0.0.22_OTHER,OTHER,72.67,72.67,4.71,207.95
1768848506.7705708,192.168.1.4_224.0.0.252_UDP,UDP,72.67,72.67,5.69,163.79
1768848507.1713903,192.168.1.4_224.0.0.252_UDP,UDP,72.67,72.67,5.69,163.61
1768848507.2295725,192.168.1.4_224.0.0.22_OTHER,OTHER,72.67,72.67,4.71,207.64
1768848507.5787547,192.168.1.4_224.0.0.22_OTHER,OTHER,72.67,72.67,4.29,226.51
1768848507.6027577,192.168.1.4_224.0.0.22_OTHER,OTHER,72.67,72.67,4.29,226.52
1768848507.6257598,192.168.1.4_224.0.0.252_UDP,UDP,72.67,72.67,5.69,163.37
1768848507.7194319,192.168.1.4_224.0.0.22_OTHER,OTHER,72.67,72.67,4.29,227.14
1768848508.004698,192.168.1.4_224.0.0.252_UDP,UDP,72.67,72.67,5.4,174.39
1768848509.580363,192.168.1.4_20.192.44.82_HTTPS,HTTPS,73.33,73.33,21.06,42.04
1768848509.6291788,20.192.44.82_192.168.1.4_HTTPS,HTTPS,73.33,73.33,21.09,42.61
1768931897.57515,192.168.1.132_3.111.241.224_HTTPS,HTTPS,63.33,63.33,14.23,141.48
1768931897.5987017,192.168.1.132_3.111.241.224_HTTPS,HTTPS,65.33,65.33,13.81,148.86
1768931897.619699,192.168.1.132_3.111.241.224_HTTPS,HTTPS,65.33,65.33,13.39,152.37
1768931897.6407003,192.168.1.132_3.111.241.224_HTTPS,HTTPS,65.33,65.33,12.31,158.73
1768931897.6617014,192.168.1.132_3.111.241.224_HTTPS,HTTPS,65.33,65.33,12.31,158.69
1768931897.6797082,3.111.241.224_192.168.1.132_HTTPS,HTTPS,63.33,63.33,14.23,141.59
1768931897.700235,3.111.241.224_192.168.1.132_HTTPS,HTTPS,65.33,65.33,13.81,148.97
1768931897.71923,192.168.1.132_3.111.241.224_HTTPS,HTTPS,65.33,65.33,12.31,158.54
1768931897.7402325,3.111.241.224_192.168.1.132_HTTPS,HTTPS,65.33,65.33,13.39,152.44
1768931897.7602375,3.111.241.224_192.168.1.132_HTTPS,HTTPS,65.33,65.33,12.31,158.85
1768931897.7792451,3.111.241.224_192.168.1.132_HTTPS,HTTPS,65.33,65.33,12.31,158.82
1768931897.7997627,3.111.241.224_192.168.1.132_HTTPS,HTTPS,65.33,65.33,12.31,158.77
1768931898.7344742,3.111.241.224_192.168.1.132_HTTPS,HTTPS,65.33,65.33,12.31,156.62
1768931898.7534738,192.168.1.132_3.111.241.224_HTTPS,HTTPS,65.33,65.33,12.31,156.19
1768931899.7100592,3.111.241.224_192.168.1.132_HTTPS,HTTPS,65.33,65.33,12.31,154.45
1768931899.7370596,3.111.241.224_192.168.1.132_HTTPS,HTTPS,65.33,65.33,12.31,154.47
1768931899.7550678,192.168.1.132_3.111.241.224_HTTPS,HTTPS,65.33,65.33,12.31,153.97
1768931899.7740557,192.168.1.132_3.111.241.224_HTTPS,HTTPS,65.33,65.33,12.31,154.01
1768932469.9025369,192.168.1.132_38.106.231.208_HTTPS,HTTPS,63.33,63.33,14.05,88.2
1768932469.9228604,192.168.1.132_38.106.231.208_HTTPS,HTTPS,63.33,63.33,14.05,87.5
1768932469.9514306,192.168.1.132_38.106.231.208_HTTPS,HTTPS,60.67,60.67,14.33,90.97
1768932470.150892,192.168.1.132_38.106.231.208_HTTPS,HTTPS,60.67,60.67,14.33,91.08
1768932470.3429277,192.168.1.132_38.106.231.208_HTTPS,HTTPS,60.67,60.67,14.91,88.54
1768932470.405587,192.168.1.132_38.106.231.208_HTTPS,HTTPS,62.0,62.0,15.6,91.02
1768932470.6902258,192.168.1.132_38.106.231.208_HTTPS,HTTPS,60.0,60.0,15.7,86.63
1768932470.714726,192.168.1.132_38.106.231.208_HTTPS,HTTPS,60.67,60.67,15.6,90.14
1768932470.977335,192.168.1.132_38.106.231.208_HTTPS,HTTPS,60.67,60.67,15.6,90.1
1768932471.2379212,192.168.1.132_38.106.231.208_HTTPS,HTTPS,62.0,62.0,15.7,85.61
1768932471.258839,192.168.1.132_38.106.231.208_HTTPS,HTTPS,62.0,62.0,15.7,84.85
1768932471.282808,192.168.1.132_38.106.231.208_HTTPS,HTTPS,62.0,62.0,15.7,84.02
1768932471.306885,192.168.1.132_38.106.231.208_HTTPS,HTTPS,60.67,60.67,15.6,87.46
1768932471.508485,192.168.1.132_38.106.231.208_HTTPS,HTTPS,60.0,60.0,15.6,87.51
1768932471.704274,192.168.1.132_38.106.231.208_HTTPS,HTTPS,60.0,60.0,15.74,85.05
1768932471.7475724,38.106.231.208_192.168.1.132_HTTPS,HTTPS,60.0,60.0,12.59,79.28
1768932471.7757962,192.168.1.132_38.106.231.208_HTTPS,HTTPS,60.67,60.67,16.02,87.12
1768932471.9846098,192.168.1.132_38.106.231.208_HTTPS,HTTPS,60.0,60.0,16.34,82.8
1768932472.014118,192.168.1.132_38.106.231.208_HTTPS,HTTPS,60.0,60.0,16.69,86.08
1768932472.248836,38.106.231.208_192.168.1.132_HTTPS,HTTPS,62.0,62.0,12.99,78.62
1768932472.284535,192.168.1.132_38.106.231.208_HTTPS,HTTPS,60.0,60.0,16.69,86.15
1768932472.5086358,192.168.1.132_38.106.231.208_HTTPS,HTTPS,60.67,60.67,16.93,81.75
1768932473.4958239,38.106.231.208_192.168.1.132_HTTPS,HTTPS,60.67,60.67,13.83,72.54
1768932473.5240066,38.106.231.208_192.168.1.132_HTTPS,HTTPS,62.0,62.0,13.77,75.78
1768932474.5181077,38.106.231.208_192.168.1.132_HTTPS,HTTPS,64.0,64.0,14.15,70.53
1768932474.782204,38.106.231.208_192.168.1.132_HTTPS,HTTPS,68.67,68.67,14.0,70.46
1768932474.817214,38.106.231.208_192.168.1.132_HTTPS,HTTPS,68.67,68.67,14.57,69.43
1768932475.0490422,38.106.231.208_192.168.1.132_HTTPS,HTTPS,68.67,68.67,14.53,69.36
1768932475.0760162,38.106.231.208_192.168.1.132_HTTPS,HTTPS,68.67,68.67,14.53,68.54
1768932475.3203373,38.106.231.208_192.168.1.132_HTTPS,HTTPS,68.67,68.67,14.53,64.86
1768932475.3508644,38.106.231.208_192.168.1.132_HTTPS,HTTPS,68.67,68.67,14.68,67.81
1768932475.3732922,38.106.231.208_192.168.1.132_HTTPS,HTTPS,67.33,67.33,14.51,71.11
1768932475.8225641,38.106.231.208_192.168.1.132_HTTPS,HTTPS,68.67,68.67,14.41,67.04
1768932476.1030858,38.106.231.208_192.168.1.132_HTTPS,HTTPS,68.67,68.67,14.41,67.11
1768932476.1261444,38.106.231.208_192.168.1.132_HTTPS,HTTPS,68.67,68.67,14.54,66.97
1768932476.3791661,38.106.231.208_192.168.1.132_HTTPS,HTTPS,68.67,68.67,14.54,66.99
1768932896.7850852,192.168.1.132_224.0.0.251_UDP,UDP,72.67,72.67,4.29,232.41
1768932903.9825673,192.168.1.132_224.0.0.251_UDP,UDP,72.67,72.67,4.29,229.88
