ts,src,dst,sport,dport,proto,length
1765271845.993479,10.0.0.3,10.0.0.4,0,0,ICMP,64
1765271845.9947536,10.0.0.1,10.0.0.2,40000,80,TCP,1353
1765271846.0114129,10.0.0.1,10.0.0.2,40000,80,TCP,433
1765271846.0251055,10.0.0.1,10.0.0.2,40000,80,TCP,1171
1765271846.0340967,10.0.0.1,10.0.0.2,40000,80,TCP,443
1765271846.057808,10.0.0.1,10.0.0.2,40000,80,TCP,699
1765271846.0658612,10.0.0.1,10.0.0.2,40000,80,TCP,870
1765271846.0672243,10.0.0.1,10.0.0.2,40000,80,TCP,423
1765271846.1111236,10.0.0.3,10.0.0.4,0,0,ICMP,64
1765271846.131736,10.0.0.3,10.0.0.4,0,0,ICMP,64
1765271846.1327813,10.0.0.1,10.0.0.2,40000,80,TCP,1036
1765271846.1452625,10.0.0.1,10.0.0.2,40000,80,TCP,413
1765271846.147999,10.0.0.1,10.0.0.2,40000,80,TCP,188
1765271846.1666803,10.0.0.1,10.0.0.2,40000,80,TCP,629
1765271846.2297451,10.0.0.1,10.0.0.2,40000,80,TCP,74
1765271846.2579384,10.0.0.3,10.0.0.4,0,0,ICMP,64
1765271846.3053303,10.0.0.1,10.0.0.2,40000,80,TCP,1392
1765271846.3112185,10.0.0.1,10.0.0.2,40000,80,TCP,1312
1765271846.3296652,10.0.0.1,10.0.0.2,40000,80,TCP,663
1765271846.3683724,10.0.0.3,10.0.0.4,0,0,ICMP,64
1765271846.3821287,10.0.0.1,10.0.0.2,40000,80,TCP,1006
1765271846.3896918,10.0.0.3,10.0.0.4,0,0,ICMP,64
1765271846.4121232,10.0.0.3,10.0.0.4,0,0,ICMP,64
1765271846.4133096,10.0.0.1,10.0.0.2,40000,80,TCP,541
1765271846.4258332,10.0.0.1,10.0.0.2,40000,80,TCP,1464
1765271846.4591184,10.0.0.1,10.0.0.2,40000,80,TCP,980
1765271846.4856768,10.0.0.1,10.0.0.2,40000,80,TCP,667
1765271846.5036385,10.0.0.1,10.0.0.2,40000,80,TCP,966
1765271846.519749,10.0.0.1,10.0.0.2,40000,80,TCP,261
1765271846.520908,10.0.0.1,10.0.0.2,40000,80,TCP,575
1765271846.5959425,10.0.0.1,10.0.0.2,40000,80,TCP,1394
1765271846.5969281,10.0.0.1,10.0.0.2,40000,80,TCP,1458
1765271846.599443,10.0.0.1,10.0.0.2,40000,80,TCP,318
1765271846.660973,10.0.0.1,10.0.0.2,40000,80,TCP,1301
1765271846.6638505,10.0.0.1,10.0.0.2,40000,80,TCP,71
1765271846.7224963,10.0.0.1,10.0.0.2,40000,80,TCP,567
1765271846.7384036,10.0.0.1,10.0.0.2,40000,80,TCP,1215
1765271846.7388449,10.0.0.1,10.0.0.2,40000,80,TCP,1123
1765271846.7396026,10.0.0.1,10.0.0.2,40000,80,TCP,1113
1765271846.7651448,10.0.0.1,10.0.0.2,40000,80,TCP,1379
1765271846.800037,10.0.0.1,10.0.0.2,40000,80,TCP,1466
1765271846.8289976,10.0.0.3,10.0.0.4,0,0,ICMP,64
1765271846.8709688,10.0.0.1,10.0.0.2,40000,80,TCP,279
1765271846.8787882,10.0.0.1,10.0.0.2,40000,80,TCP,556
1765271846.935424,10.0.0.1,10.0.0.2,40000,80,TCP,1118
1765271846.9441223,10.0.0.3,10.0.0.4,0,0,ICMP,64
1765271846.9585793,10.0.0.1,10.0.0.2,40000,80,TCP,1019
1765271846.964747,10.0.0.3,10.0.0.4,0,0,ICMP,64
1765271846.981786,10.0.0.1,10.0.0.2,40000,80,TCP,935
1765271846.9861197,10.0.0.1,10.0.0.2,40000,80,TCP,494
1765271846.989588,10.0.0.1,10.0.0.2,40000,80,TCP,1395
1765271846.9909508,10.0.0.1,10.0.0.2,40000,80,TCP,256
1765271847.0051484,10.0.0.1,10.0.0.2,40000,80,TCP,1420
1765271847.009725,10.0.0.1,10.0.0.2,40000,80,TCP,1468
1765271847.0744734,10.0.0.3,10.0.0.4,0,0,ICMP,64
1765271847.1095564,10.0.0.1,10.0.0.2,40000,80,TCP,1332
1765271847.1129045,10.0.0.1,10.0.0.2,40000,80,TCP,1472
1765271847.1562433,10.0.0.1,10.0.0.2,40000,80,TCP,1442
1765271847.1866055,10.0.0.3,10.0.0.4,0,0,ICMP,64
1765271847.1900606,10.0.0.1,10.0.0.2,40000,80,TCP,201
1765271847.2058172,10.0.0.3,10.0.0.4,0,0,ICMP,64
1765271847.2166536,10.0.0.1,10.0.0.2,40000,80,TCP,581
1765271847.2227116,10.0.0.1,10.0.0.2,40000,80,TCP,726
1765271847.2283695,10.0.0.3,10.0.0.4,0,0,ICMP,64
1765271847.2720172,10.0.0.1,10.0.0.2,40000,80,TCP,1006
1765271847.3297057,10.0.0.1,10.0.0.2,40000,80,TCP,1485
1765271847.364593,10.0.0.1,10.0.0.2,40000,80,TCP,1012
1765271847.3884177,10.0.0.1,10.0.0.2,40000,80,TCP,124
1765271847.427327,10.0.0.1,10.0.0.2,40000,80,TCP,1473
1765271847.4454465,10.0.0.1,10.0.0.2,40000,80,TCP,679
1765271847.462567,10.0.0.1,10.0.0.2,40000,80,TCP,983
1765271847.4759102,10.0.0.1,10.0.0.2,40000,80,TCP,911
1765271847.5130074,10.0.0.1,10.0.0.2,40000,80,TCP,756
1765271847.5238447,10.0.0.1,10.0.0.2,40000,80,TCP,1113
1765271847.5327504,10.0.0.1,10.0.0.2,40000,80,TCP,972
1765271847.545077,10.0.0.1,10.0.0.2,40000,80,TCP,107
1765271847.5782027,10.0.0.1,10.0.0.2,40000,80,TCP,768
1765271847.6011753,10.0.0.1,10.0.0.2,40000,80,TCP,1076
1765271847.6201081,10.0.0.1,10.0.0.2,40000,80,TCP,635
1765271847.625969,10.0.0.3,10.0.0.4,0,0,ICMP,64
1765271847.643565,10.0.0.1,10.0.0.2,40000,80,TCP,523
1765271847.671088,10.0.0.1,10.0.0.2,40000,80,TCP,737
1765271847.6776078,10.0.0.1,10.0.0.2,40000,80,TCP,359
1765271847.7541,10.0.0.3,10.0.0.4,0,0,ICMP,64
1765271847.7656338,10.0.0.1,10.0.0.2,40000,80,TCP,159
1765271847.768673,10.0.0.1,10.0.0.2,40000,80,TCP,1439
1765271847.7732756,10.0.0.3,10.0.0.4,0,0,ICMP,64
1765271847.8448465,10.0.0.1,10.0.0.2,40000,80,TCP,209
1765271847.8636467,10.0.0.1,10.0.0.2,40000,80,TCP,856
1765271847.8790698,10.0.0.1,10.0.0.2,40000,80,TCP,1470
1765271847.8927186,10.0.0.3,10.0.0.4,0,0,ICMP,64
1765271847.9183614,10.0.0.1,10.0.0.2,40000,80,TCP,1413
1765271847.923767,10.0.0.1,10.0.0.2,40000,80,TCP,115
1765271847.9597874,10.0.0.1,10.0.0.2,40000,80,TCP,1459
1765271847.983232,10.0.0.1,10.0.0.2,40000,80,TCP,1461
1765271847.9901447,10.0.0.1,10.0.0.2,40000,80,TCP,249
1765271847.9998004,10.0.0.1,10.0.0.2,40000,80,TCP,861
1765271848.007801,10.0.0.3,10.0.0.4,0,0,ICMP,64
1765271848.0291362,10.0.0.3,10.0.0.4,0,0,ICMP,64
1765271848.0509627,10.0.0.3,10.0.0.4,0,0,ICMP,64
1765271848.0678825,10.0.0.1,10.0.0.2,40000,80,TCP,274
1765271848.1149018,10.0.0.1,10.0.0.2,40000,80,TCP,1396
1765271848.3057601,10.0.0.1,10.0.0.2,40000,80,TCP,416
1765271848.3682065,10.0.0.1,10.0.0.2,40000,80,TCP,548
1765271848.3735363,10.0.0.1,10.0.0.2,40000,80,TCP,101
1765271848.3810475,10.0.0.1,10.0.0.2,40000,80,TCP,1067
1765271848.41377,10.0.0.1,10.0.0.2,40000,80,TCP,1490
1765271848.4733903,10.0.0.1,10.0.0.2,40000,80,TCP,176
1765271848.5522096,10.0.0.1,10.0.0.2,40000,80,TCP,535
1765271848.5637891,10.0.0.3,10.0.0.4,0,0,ICMP,64
1765271848.5807674,10.0.0.1,10.0.0.2,40000,80,TCP,229
1765271848.597473,10.0.0.1,10.0.0.2,40000,80,TCP,367
1765271848.6912048,10.0.0.3,10.0.0.4,0,0,ICMP,64
1765271848.698771,10.0.0.1,10.0.0.2,40000,80,TCP,1239
1765271848.7124362,10.0.0.3,10.0.0.4,0,0,ICMP,64
1765271848.7231133,10.0.0.1,10.0.0.2,40000,80,TCP,1325
1765271848.7730634,10.0.0.1,10.0.0.2,40000,80,TCP,814
1765271848.8365989,10.0.0.3,10.0.0.4,0,0,ICMP,64
1765271848.8664868,10.0.0.1,10.0.0.2,40000,80,TCP,798
1765271848.8820071,10.0.0.1,10.0.0.2,40000,80,TCP,1445
1765271848.9272726,10.0.0.1,10.0.0.2,40000,80,TCP,750
1765271848.9609063,10.0.0.3,10.0.0.4,0,0,ICMP,64
1765271848.9800866,10.0.0.3,10.0.0.4,0,0,ICMP,64
1765271848.9997258,10.0.0.3,10.0.0.4,0,0,ICMP,64
1765271849.0011244,10.0.0.1,10.0.0.2,40000,80,TCP,1046
1765271849.02816,10.0.0.1,10.0.0.2,40000,80,TCP,991
1765271849.0350623,10.0.0.1,10.0.0.2,40000,80,TCP,549
1765271849.059298,10.0.0.1,10.0.0.2,40000,80,TCP,696
1765271849.0753272,10.0.0.1,10.0.0.2,40000,80,TCP,901
1765271849.0804617,10.0.0.1,10.0.0.2,40000,80,TCP,584
1765271849.0918372,10.0.0.1,10.0.0.2,40000,80,TCP,1368
1765271849.1071026,10.0.0.1,10.0.0.2,40000,80,TCP,127
1765271849.1249917,10.0.0.1,10.0.0.2,40000,80,TCP,1457
1765271849.1833484,10.0.0.1,10.0.0.2,40000,80,TCP,512
1765271849.3246734,10.0.0.1,10.0.0.2,40000,80,TCP,427
1765271849.3462422,10.0.0.1,10.0.0.2,40000,80,TCP,370
1765271849.3760939,10.0.0.3,10.0.0.4,0,0,ICMP,64
1765271849.448425,10.0.0.1,10.0.0.2,40000,80,TCP,1275
1765271849.4495332,10.0.0.1,10.0.0.2,40000,80,TCP,742
1765271849.454397,10.0.0.1,10.0.0.2,40000,80,TCP,1458
1765271849.49056,10.0.0.3,10.0.0.4,0,0,ICMP,64
1765271849.511698,10.0.0.3,10.0.0.4,0,0,ICMP,64
1765271849.5467143,10.0.0.1,10.0.0.2,40000,80,TCP,1084
1765271849.5726259,10.0.0.1,10.0.0.2,40000,80,TCP,1193
1765271849.596255,10.0.0.1,10.0.0.2,40000,80,TCP,1332
1765271849.6401403,10.0.0.3,10.0.0.4,0,0,ICMP,64
1765271849.6551728,10.0.0.1,10.0.0.2,40000,80,TCP,399
1765271849.682826,10.0.0.1,10.0.0.2,40000,80,TCP,1469
1765271849.6974447,10.0.0.1,10.0.0.2,40000,80,TCP,1255
1765271849.7620149,10.0.0.3,10.0.0.4,0,0,ICMP,64
1765271849.7678795,10.0.0.1,10.0.0.2,40000,80,TCP,506
1765271849.783413,10.0.0.3,10.0.0.4,0,0,ICMP,64
1765271849.8041117,10.0.0.3,10.0.0.4,0,0,ICMP,64
1765271849.8234992,10.0.0.1,10.0.0.2,40000,80,TCP,145
1765271849.846687,10.0.0.1,10.0.0.2,40000,80,TCP,1002
1765271849.895869,10.0.0.1,10.0.0.2,40000,80,TCP,76
1765271849.9014575,10.0.0.1,10.0.0.2,40000,80,TCP,500
1765271849.9113595,10.0.0.1,10.0.0.2,40000,80,TCP,1378
1765271849.9166667,10.0.0.1,10.0.0.2,40000,80,TCP,724
1765271849.9698896,10.0.0.1,10.0.0.2,40000,80,TCP,596
1765271849.97117,10.0.0.1,10.0.0.2,40000,80,TCP,1182
1765271850.0019,10.0.0.1,10.0.0.2,40000,80,TCP,503
1765271850.1045551,10.0.0.1,10.0.0.2,40000,80,TCP,420
1765271850.1062474,10.0.0.1,10.0.0.2,40000,80,TCP,772
1765271850.1083572,10.0.0.1,10.0.0.2,40000,80,TCP,945
1765271850.126236,10.0.0.1,10.0.0.2,40000,80,TCP,950
1765271850.1327484,10.0.0.1,10.0.0.2,40000,80,TCP,601
1765271850.2149465,10.0.0.1,10.0.0.2,40000,80,TCP,1411
1765271850.2588854,10.0.0.3,10.0.0.4,0,0,ICMP,64
1765271850.2613702,10.0.0.1,10.0.0.2,40000,80,TCP,1192
1765271850.2649148,10.0.0.1,10.0.0.2,40000,80,TCP,666
1765271850.282541,10.0.0.1,10.0.0.2,40000,80,TCP,568
1765271850.284847,10.0.0.1,10.0.0.2,40000,80,TCP,307
1765271850.2992866,10.0.0.1,10.0.0.2,40000,80,TCP,629
1765271850.3439374,10.0.0.1,10.0.0.2,40000,80,TCP,1153
1765271850.3508105,10.0.0.1,10.0.0.2,40000,80,TCP,205
1765271850.353375,10.0.0.1,10.0.0.2,40000,80,TCP,906
1765271850.3715212,10.0.0.3,10.0.0.4,0,0,ICMP,64
1765271850.3906486,10.0.0.3,10.0.0.4,0,0,ICMP,64
1765271850.4068084,10.0.0.1,10.0.0.2,40000,80,TCP,83
1765271850.5112395,10.0.0.3,10.0.0.4,0,0,ICMP,64
1765271850.601442,10.0.0.1,10.0.0.2,40000,80,TCP,867
1765271850.6324139,10.0.0.3,10.0.0.4,0,0,ICMP,64
1765271850.65207,10.0.0.3,10.0.0.4,0,0,ICMP,64
1765271850.6650386,10.0.0.1,10.0.0.2,40000,80,TCP,481
1765271850.6734796,10.0.0.3,10.0.0.4,0,0,ICMP,64
1765271850.6906767,10.0.0.1,10.0.0.2,40000,80,TCP,1180
1765271850.7123356,10.0.0.1,10.0.0.2,40000,80,TCP,1303
1765271850.7159214,10.0.0.1,10.0.0.2,40000,80,TCP,1171
1765271850.744681,10.0.0.1,10.0.0.2,40000,80,TCP,190
1765271850.844077,10.0.0.1,10.0.0.2,40000,80,TCP,1077
1765271850.8453019,10.0.0.1,10.0.0.2,40000,80,TCP,1446
1765271850.9577878,10.0.0.1,10.0.0.2,40000,80,TCP,1095
1765271850.9764478,10.0.0.1,10.0.0.2,40000,80,TCP,1441
1765271850.9902222,10.0.0.1,10.0.0.2,40000,80,TCP,963
1765271851.0196848,10.0.0.1,10.0.0.2,40000,80,TCP,754
1765271851.0241,10.0.0.3,10.0.0.4,0,0,ICMP,64
1765271851.0270994,10.0.0.1,10.0.0.2,40000,80,TCP,739
1765271851.0667777,10.0.0.1,10.0.0.2,40000,80,TCP,348
1765271851.1338654,10.0.0.3,10.0.0.4,0,0,ICMP,64
1765271851.154795,10.0.0.3,10.0.0.4,0,0,ICMP,64
1765271851.1555638,10.0.0.1,10.0.0.2,40000,80,TCP,1449
1765271851.2017386,10.0.0.1,10.0.0.2,40000,80,TCP,79
1765271851.2277114,10.0.0.1,10.0.0.2,40000,80,TCP,736
1765271851.2489207,10.0.0.1,10.0.0.2,40000,80,TCP,358
1765271851.28398,10.0.0.3,10.0.0.4,0,0,ICMP,64
1765271851.348684,10.0.0.1,10.0.0.2,40000,80,TCP,600
1765271851.3541465,10.0.0.1,10.0.0.2,40000,80,TCP,1212
1765271851.4033625,10.0.0.1,10.0.0.2,40000,80,TCP,1449
1765271851.4136267,10.0.0.3,10.0.0.4,0,0,ICMP,64
1765271851.436163,10.0.0.3,10.0.0.4,0,0,ICMP,64
1765271851.458889,10.0.0.3,10.0.0.4,0,0,ICMP,64
1765271851.4711323,10.0.0.1,10.0.0.2,40000,80,TCP,130
1765271851.529281,10.0.0.1,10.0.0.2,40000,80,TCP,1175
1765271851.5329757,10.0.0.1,10.0.0.2,40000,80,TCP,220
1765271851.5515385,10.0.0.1,10.0.0.2,40000,80,TCP,345
1765271851.5705268,10.0.0.1,10.0.0.2,40000,80,TCP,688
1765271851.5763984,10.0.0.1,10.0.0.2,40000,80,TCP,471
1765271851.5768456,10.0.0.1,10.0.0.2,40000,80,TCP,1422
1765271851.5916812,10.0.0.1,10.0.0.2,40000,80,TCP,70
1765271851.6038475,10.0.0.1,10.0.0.2,40000,80,TCP,1364
1765271851.663548,10.0.0.1,10.0.0.2,40000,80,TCP,706
1765271851.6903963,10.0.0.1,10.0.0.2,40000,80,TCP,855
1765271851.7022426,10.0.0.1,10.0.0.2,40000,80,TCP,583
1765271851.7145047,10.0.0.1,10.0.0.2,40000,80,TCP,930
1765271851.7651722,10.0.0.1,10.0.0.2,40000,80,TCP,250
1765271851.806769,10.0.0.1,10.0.0.2,40000,80,TCP,850
1765271851.8204455,10.0.0.1,10.0.0.2,40000,80,TCP,1471
1765271851.8515577,10.0.0.1,10.0.0.2,40000,80,TCP,1279
1765271851.8580363,10.0.0.1,10.0.0.2,40000,80,TCP,924
1765271851.8727977,10.0.0.3,10.0.0.4,0,0,ICMP,64
1765271851.9013455,10.0.0.1,10.0.0.2,40000,80,TCP,586
1765271851.9125571,10.0.0.1,10.0.0.2,40000,80,TCP,1196
1765271851.959077,10.0.0.1,10.0.0.2,40000,80,TCP,901
1765271851.9818408,10.0.0.3,10.0.0.4,0,0,ICMP,64
1765271852.003802,10.0.0.3,10.0.0.4,0,0,ICMP,64
1765271852.0982847,10.0.0.1,10.0.0.2,40000,80,TCP,969
1765271852.1287904,10.0.0.3,10.0.0.4,0,0,ICMP,64
1765271852.1318202,10.0.0.1,10.0.0.2,40000,80,TCP,1465
1765271852.1531131,10.0.0.1,10.0.0.2,40000,80,TCP,1377
1765271852.1623442,10.0.0.1,10.0.0.2,40000,80,TCP,1465
1765271852.183083,10.0.0.1,10.0.0.2,40000,80,TCP,931
1765271852.2529523,10.0.0.3,10.0.0.4,0,0,ICMP,64
1765271852.2561214,10.0.0.1,10.0.0.2,40000,80,TCP,1345
1765271852.2701197,10.0.0.1,10.0.0.2,40000,80,TCP,913
1765271852.2724683,10.0.0.3,10.0.0.4,0,0,ICMP,64
1765271852.2801802,10.0.0.1,10.0.0.2,40000,80,TCP,167
1765271852.2909055,10.0.0.1,10.0.0.2,40000,80,TCP,522
1765271852.2919014,10.0.0.3,10.0.0.4,0,0,ICMP,64
1765271852.3071594,10.0.0.1,10.0.0.2,40000,80,TCP,839
1765271852.3185623,10.0.0.1,10.0.0.2,40000,80,TCP,1251
1765271852.3693614,10.0.0.1,10.0.0.2,40000,80,TCP,506
1765271852.3810327,10.0.0.1,10.0.0.2,40000,80,TCP,512
1765271852.4009295,10.0.0.1,10.0.0.2,40000,80,TCP,521
1765271852.4485686,10.0.0.1,10.0.0.2,40000,80,TCP,1212
1765271852.4701645,10.0.0.1,10.0.0.2,40000,80,TCP,340
1765271852.502775,10.0.0.1,10.0.0.2,40000,80,TCP,159
1765271852.5258164,10.0.0.1,10.0.0.2,40000,80,TCP,628
1765271852.5321612,10.0.0.1,10.0.0.2,40000,80,TCP,1018
1765271852.56658,10.0.0.1,10.0.0.2,40000,80,TCP,429
1765271852.603012,10.0.0.1,10.0.0.2,40000,80,TCP,667
1765271852.6563535,10.0.0.1,10.0.0.2,40000,80,TCP,326
1765271852.7241678,10.0.0.1,10.0.0.2,40000,80,TCP,1405
1765271852.7598994,10.0.0.1,10.0.0.2,40000,80,TCP,859
1765271852.7869658,10.0.0.3,10.0.0.4,0,0,ICMP,64
1765271852.8298082,10.0.0.1,10.0.0.2,40000,80,TCP,472
1765271852.8381267,10.0.0.1,10.0.0.2,40000,80,TCP,431
1765271852.888382,10.0.0.1,10.0.0.2,40000,80,TCP,1452
1765271852.8916416,10.0.0.1,10.0.0.2,40000,80,TCP,511
1765271852.8943348,10.0.0.1,10.0.0.2,40000,80,TCP,999
1765271852.9097042,10.0.0.1,10.0.0.2,40000,80,TCP,441
1765271852.913901,10.0.0.1,10.0.0.2,40000,80,TCP,819
1765271852.9193845,10.0.0.3,10.0.0.4,0,0,ICMP,64
1765271852.9256997,10.0.0.1,10.0.0.2,40000,80,TCP,1096
1765271852.9334764,10.0.0.1,10.0.0.2,40000,80,TCP,1251
1765271852.9392107,10.0.0.3,10.0.0.4,0,0,ICMP,64
1765271852.9800434,10.0.0.1,10.0.0.2,40000,80,TCP,224
1765271853.0513234,10.0.0.3,10.0.0.4,0,0,ICMP,64
1765271853.1141944,10.0.0.1,10.0.0.2,40000,80,TCP,392
1765271853.1348464,10.0.0.1,10.0.0.2,40000,80,TCP,1089
1765271853.1645622,10.0.0.3,10.0.0.4,0,0,ICMP,64
1765271853.1840024,10.0.0.1,10.0.0.2,40000,80,TCP,1034
1765271853.185232,10.0.0.3,10.0.0.4,0,0,ICMP,64
1765271853.1877964,10.0.0.1,10.0.0.2,40000,80,TCP,818
1765271853.2054474,10.0.0.3,10.0.0.4,0,0,ICMP,64
1765271853.2607188,10.0.0.1,10.0.0.2,40000,80,TCP,996
1765271853.2751532,10.0.0.1,10.0.0.2,40000,80,TCP,1323
1765271853.3188446,10.0.0.1,10.0.0.2,40000,80,TCP,1397
1765271853.3357046,10.0.0.1,10.0.0.2,40000,80,TCP,667
1765271853.3464954,10.0.0.1,10.0.0.2,40000,80,TCP,614
1765271853.379618,10.0.0.1,10.0.0.2,40000,80,TCP,826
1765271853.383067,10.0.0.1,10.0.0.2,40000,80,TCP,1053
1765271853.3838289,10.0.0.1,10.0.0.2,40000,80,TCP,1453
1765271853.4057984,10.0.0.1,10.0.0.2,40000,80,TCP,186
1765271853.459384,10.0.0.1,10.0.0.2,40000,80,TCP,465
1765271853.5099075,10.0.0.1,10.0.0.2,40000,80,TCP,245
1765271853.511985,10.0.0.1,10.0.0.2,40000,80,TCP,282
1765271853.5307915,10.0.0.1,10.0.0.2,40000,80,TCP,1043
1765271853.532364,10.0.0.1,10.0.0.2,40000,80,TCP,358
1765271853.5447366,10.0.0.1,10.0.0.2,40000,80,TCP,122
1765271853.548366,10.0.0.1,10.0.0.2,40000,80,TCP,1007
1765271853.5597348,10.0.0.1,10.0.0.2,40000,80,TCP,1214
1765271853.5640395,10.0.0.3,10.0.0.4,0,0,ICMP,64
1765271853.6125584,10.0.0.1,10.0.0.2,40000,80,TCP,1206
1765271853.6126792,10.0.0.1,10.0.0.2,40000,80,TCP,72
1765271853.6143594,10.0.0.1,10.0.0.2,40000,80,TCP,308
1765271853.6314673,10.0.0.1,10.0.0.2,40000,80,TCP,1256
1765271853.6368706,10.0.0.1,10.0.0.2,40000,80,TCP,667
1765271853.6536028,10.0.0.1,10.0.0.2,40000,80,TCP,651
1765271853.6587982,10.0.0.1,10.0.0.2,40000,80,TCP,560
1765271853.6823184,10.0.0.3,10.0.0.4,0,0,ICMP,64
1765271853.692461,10.0.0.1,10.0.0.2,40000,80,TCP,1349
1765271853.698296,10.0.0.1,10.0.0.2,40000,80,TCP,1137
1765271853.704552,10.0.0.3,10.0.0.4,0,0,ICMP,64
1765271853.8212452,10.0.0.3,10.0.0.4,0,0,ICMP,64
1765271853.8491395,10.0.0.1,10.0.0.2,40000,80,TCP,1341
1765271853.8499663,10.0.0.1,10.0.0.2,40000,80,TCP,380
1765271853.858802,10.0.0.1,10.0.0.2,40000,80,TCP,1446
1765271853.8641005,10.0.0.1,10.0.0.2,40000,80,TCP,1461
1765271853.896811,10.0.0.1,10.0.0.2,40000,80,TCP,1350
1765271853.9023726,10.0.0.1,10.0.0.2,40000,80,TCP,369
1765271853.9081528,10.0.0.1,10.0.0.2,40000,80,TCP,1170
1765271853.9357102,10.0.0.3,10.0.0.4,0,0,ICMP,64
1765271853.9556274,10.0.0.1,10.0.0.2,40000,80,TCP,1000
1765271853.9565618,10.0.0.3,10.0.0.4,0,0,ICMP,64
1765271853.9759195,10.0.0.3,10.0.0.4,0,0,ICMP,64
1765271853.9769142,10.0.0.1,10.0.0.2,40000,80,TCP,753
1765271853.9839787,10.0.0.1,10.0.0.2,40000,80,TCP,1094
1765271854.0675383,10.0.0.1,10.0.0.2,40000,80,TCP,640
1765271854.067812,10.0.0.1,10.0.0.2,40000,80,TCP,425
1765271854.0962386,10.0.0.1,10.0.0.2,40000,80,TCP,976
1765271854.111337,10.0.0.1,10.0.0.2,40000,80,TCP,1352
1765271854.1152267,10.0.0.1,10.0.0.2,40000,80,TCP,704
1765271854.12234,10.0.0.1,10.0.0.2,40000,80,TCP,865
1765271854.1761255,10.0.0.1,10.0.0.2,40000,80,TCP,1027
1765271854.190649,10.0.0.1,10.0.0.2,40000,80,TCP,215
1765271854.211411,10.0.0.1,10.0.0.2,40000,80,TCP,983
1765271854.2979674,10.0.0.1,10.0.0.2,40000,80,TCP,345
1765271854.3017445,10.0.0.1,10.0.0.2,40000,80,TCP,1221
1765271854.3019626,10.0.0.1,10.0.0.2,40000,80,TCP,736
1765271854.3224356,10.0.0.1,10.0.0.2,40000,80,TCP,715
1765271854.3455818,10.0.0.1,10.0.0.2,40000,80,TCP,1157
1765271854.3474796,10.0.0.3,10.0.0.4,0,0,ICMP,64
1765271854.4037776,10.0.0.1,10.0.0.2,40000,80,TCP,822
1765271854.423871,10.0.0.1,10.0.0.2,40000,80,TCP,116
1765271854.4648843,10.0.0.3,10.0.0.4,0,0,ICMP,64
1765271854.4867146,10.0.0.1,10.0.0.2,40000,80,TCP,1482
1765271854.4874578,10.0.0.3,10.0.0.4,0,0,ICMP,64
1765271854.5170894,10.0.0.1,10.0.0.2,40000,80,TCP,1399
1765271854.5213342,10.0.0.1,10.0.0.2,40000,80,TCP,1119
1765271854.5410867,10.0.0.1,10.0.0.2,40000,80,TCP,1206
1765271854.585149,10.0.0.1,10.0.0.2,40000,80,TCP,813
1765271854.6077409,10.0.0.3,10.0.0.4,0,0,ICMP,64
1765271854.689442,10.0.0.1,10.0.0.2,40000,80,TCP,1268
1765271854.7202861,10.0.0.3,10.0.0.4,0,0,ICMP,64
1765271854.7323368,10.0.0.1,10.0.0.2,40000,80,TCP,443
1765271854.7412605,10.0.0.3,10.0.0.4,0,0,ICMP,64
1765271854.7632515,10.0.0.3,10.0.0.4,0,0,ICMP,64
1765271854.7681725,10.0.0.1,10.0.0.2,40000,80,TCP,1218
1765271854.8113585,10.0.0.1,10.0.0.2,40000,80,TCP,1390
1765271854.873824,10.0.0.1,10.0.0.2,40000,80,TCP,633
1765271854.8897924,10.0.0.1,10.0.0.2,40000,80,TCP,1416
1765271854.905173,10.0.0.1,10.0.0.2,40000,80,TCP,1392
1765271854.9180217,10.0.0.1,10.0.0.2,40000,80,TCP,795
1765271854.9299438,10.0.0.1,10.0.0.2,40000,80,TCP,1415
1765271854.9394453,10.0.0.1,10.0.0.2,40000,80,TCP,169
1765271854.9690113,10.0.0.1,10.0.0.2,40000,80,TCP,1246
1765271854.9956625,10.0.0.1,10.0.0.2,40000,80,TCP,1451
1765271855.0219948,10.0.0.1,10.0.0.2,40000,80,TCP,436
1765271855.0333872,10.0.0.1,10.0.0.2,40000,80,TCP,305
1765271855.0810127,10.0.0.1,10.0.0.2,40000,80,TCP,659
1765271855.0900133,10.0.0.1,10.0.0.2,40000,80,TCP,1295
1765271855.104557,10.0.0.1,10.0.0.2,40000,80,TCP,1009
1765271855.1243255,10.0.0.1,10.0.0.2,40000,80,TCP,1303
1765271855.1295679,10.0.0.3,10.0.0.4,0,0,ICMP,64
1765271855.1395543,10.0.0.1,10.0.0.2,40000,80,TCP,838
1765271855.1470404,10.0.0.1,10.0.0.2,40000,80,TCP,1035
1765271855.254238,10.0.0.3,10.0.0.4,0,0,ICMP,64
1765271855.2607677,10.0.0.1,10.0.0.2,40000,80,TCP,1342
1765271855.2691221,10.0.0.1,10.0.0.2,40000,80,TCP,847
1765271855.2728186,10.0.0.1,10.0.0.2,40000,80,TCP,702
1765271855.2747998,10.0.0.1,10.0.0.2,40000,80,TCP,1323
1765271855.2765043,10.0.0.3,10.0.0.4,0,0,ICMP,64
1765271855.2778409,10.0.0.1,10.0.0.2,40000,80,TCP,944
1765271855.291074,10.0.0.1,10.0.0.2,40000,80,TCP,553
1765271855.31238,10.0.0.1,10.0.0.2,40000,80,TCP,1342
1765271855.3174822,10.0.0.1,10.0.0.2,40000,80,TCP,301
1765271855.3572152,10.0.0.1,10.0.0.2,40000,80,TCP,1234
1765271855.391897,10.0.0.1,10.0.0.2,40000,80,TCP,1310
1765271855.4087908,10.0.0.3,10.0.0.4,0,0,ICMP,64
1765271855.4280093,10.0.0.1,10.0.0.2,40000,80,TCP,1227
1765271855.4345765,10.0.0.1,10.0.0.2,40000,80,TCP,1107
1765271855.4384823,10.0.0.1,10.0.0.2,40000,80,TCP,602
1765271855.4471471,10.0.0.1,10.0.0.2,40000,80,TCP,208
1765271855.4495099,10.0.0.1,10.0.0.2,40000,80,TCP,619
1765271855.4498396,10.0.0.1,10.0.0.2,40000,80,TCP,975
1765271855.4759216,10.0.0.1,10.0.0.2,40000,80,TCP,1036
1765271855.4806933,10.0.0.1,10.0.0.2,40000,80,TCP,902
1765271855.511676,10.0.0.1,10.0.0.2,40000,80,TCP,836
1765271855.5281188,10.0.0.3,10.0.0.4,0,0,ICMP,64
1765271855.5461342,10.0.0.1,10.0.0.2,40000,80,TCP,187
1765271855.5490184,10.0.0.3,10.0.0.4,0,0,ICMP,64
1765271855.5646222,10.0.0.1,10.0.0.2,40000,80,TCP,421
1765271855.570495,10.0.0.3,10.0.0.4,0,0,ICMP,64
1765271855.5835826,10.0.0.1,10.0.0.2,40000,80,TCP,277
1765271855.5974517,10.0.0.1,10.0.0.2,40000,80,TCP,559
1765271855.6235936,10.0.0.1,10.0.0.2,40000,80,TCP,153
1765271855.6293619,10.0.0.1,10.0.0.2,40000,80,TCP,492
1765271855.709554,10.0.0.1,10.0.0.2,40000,80,TCP,754
1765271855.7273183,10.0.0.1,10.0.0.2,40000,80,TCP,1263
1765271855.76826,10.0.0.1,10.0.0.2,40000,80,TCP,917
1765271855.7867138,10.0.0.1,10.0.0.2,40000,80,TCP,959
1765271855.7950265,10.0.0.1,10.0.0.2,40000,80,TCP,1121
1765271855.8113801,10.0.0.1,10.0.0.2,40000,80,TCP,1297
1765271855.884458,10.0.0.1,10.0.0.2,40000,80,TCP,157
1765271855.9139156,10.0.0.1,10.0.0.2,40000,80,TCP,343
1765271855.9666781,10.0.0.3,10.0.0.4,0,0,ICMP,64
1765271855.987507,10.0.0.1,10.0.0.2,40000,80,TCP,535
1765271855.996912,10.0.0.1,10.0.0.2,40000,80,TCP,787
1765271856.0056758,10.0.0.1,10.0.0.2,40000,80,TCP,755
1765271856.04941,10.0.0.1,10.0.0.2,40000,80,TCP,998
1765271856.079504,10.0.0.3,10.0.0.4,0,0,ICMP,64
1765271856.084037,10.0.0.1,10.0.0.2,40000,80,TCP,1493
1765271856.1024785,10.0.0.3,10.0.0.4,0,0,ICMP,64
1765271856.1911716,10.0.0.1,10.0.0.2,40000,80,TCP,496
1765271856.221444,10.0.0.1,10.0.0.2,40000,80,TCP,1401
1765271856.2230735,10.0.0.3,10.0.0.4,0,0,ICMP,64
1765271856.230403,10.0.0.1,10.0.0.2,40000,80,TCP,147
1765271856.2304711,10.0.0.1,10.0.0.2,40000,80,TCP,858
1765271856.2619894,10.0.0.1,10.0.0.2,40000,80,TCP,242
1765271856.2628548,10.0.0.1,10.0.0.2,40000,80,TCP,1444
1765271856.2727416,10.0.0.1,10.0.0.2,40000,80,TCP,896
1765271856.3430948,10.0.0.1,10.0.0.2,40000,80,TCP,343
1765271856.3516216,10.0.0.3,10.0.0.4,0,0,ICMP,64
1765271856.3584428,10.0.0.1,10.0.0.2,40000,80,TCP,1312
1765271856.364349,10.0.0.1,10.0.0.2,40000,80,TCP,1391
1765271856.3745499,10.0.0.3,10.0.0.4,0,0,ICMP,64
1765271856.3941212,10.0.0.3,10.0.0.4,0,0,ICMP,64
1765271856.3988366,10.0.0.1,10.0.0.2,40000,80,TCP,1222
1765271856.4098449,10.0.0.1,10.0.0.2,40000,80,TCP,765
1765271856.5101616,10.0.0.1,10.0.0.2,40000,80,TCP,562
1765271856.535562,10.0.0.1,10.0.0.2,40000,80,TCP,142
1765271856.5687978,10.0.0.1,10.0.0.2,40000,80,TCP,1486
1765271856.5901783,10.0.0.1,10.0.0.2,40000,80,TCP,63
1765271856.6612422,10.0.0.1,10.0.0.2,40000,80,TCP,96
1765271856.679853,10.0.0.1,10.0.0.2,40000,80,TCP,492
1765271856.7092812,10.0.0.1,10.0.0.2,40000,80,TCP,1401
1765271856.7145073,10.0.0.1,10.0.0.2,40000,80,TCP,1081
1765271856.739373,10.0.0.1,10.0.0.2,40000,80,TCP,712
1765271856.7832472,10.0.0.1,10.0.0.2,40000,80,TCP,324
1765271856.8053477,10.0.0.3,10.0.0.4,0,0,ICMP,64
1765271856.80577,10.0.0.1,10.0.0.2,40000,80,TCP,382
1765271856.8737862,10.0.0.1,10.0.0.2,40000,80,TCP,251
1765271856.8745453,10.0.0.1,10.0.0.2,40000,80,TCP,170
1765271856.910429,10.0.0.1,10.0.0.2,40000,80,TCP,784
1765271856.9192963,10.0.0.1,10.0.0.2,40000,80,TCP,393
1765271856.9200685,10.0.0.3,10.0.0.4,0,0,ICMP,64
1765271856.927451,10.0.0.1,10.0.0.2,40000,80,TCP,1321
1765271856.9402778,10.0.0.3,10.0.0.4,0,0,ICMP,64
1765271856.955025,10.0.0.1,10.0.0.2,40000,80,TCP,587
1765271856.9553623,10.0.0.1,10.0.0.2,40000,80,TCP,659
1765271857.0134254,10.0.0.1,10.0.0.2,40000,80,TCP,372
1765271857.0276546,10.0.0.1,10.0.0.2,40000,80,TCP,720
1765271857.058133,10.0.0.1,10.0.0.2,40000,80,TCP,212
1765271857.0607872,10.0.0.3,10.0.0.4,0,0,ICMP,64
1765271857.0995924,10.0.0.1,10.0.0.2,40000,80,TCP,146
1765271857.1715977,10.0.0.1,10.0.0.2,40000,80,TCP,1009
1765271857.1805544,10.0.0.3,10.0.0.4,0,0,ICMP,64
1765271857.2023427,10.0.0.3,10.0.0.4,0,0,ICMP,64
1765271857.206152,10.0.0.1,10.0.0.2,40000,80,TCP,467
1765271857.206492,10.0.0.1,10.0.0.2,40000,80,TCP,116
1765271857.2192194,10.0.0.1,10.0.0.2,40000,80,TCP,1001
1765271857.224471,10.0.0.3,10.0.0.4,0,0,ICMP,64
1765271857.2982264,10.0.0.1,10.0.0.2,40000,80,TCP,359
1765271857.3039114,10.0.0.1,10.0.0.2,40000,80,TCP,528
1765271857.4231265,10.0.0.1,10.0.0.2,40000,80,TCP,1444
1765271857.4233112,10.0.0.1,10.0.0.2,40000,80,TCP,1377
1765271857.4366865,10.0.0.1,10.0.0.2,40000,80,TCP,1316
1765271857.4602146,10.0.0.1,10.0.0.2,40000,80,TCP,1340
1765271857.4810293,10.0.0.1,10.0.0.2,40000,80,TCP,1445
1765271857.51103,10.0.0.1,10.0.0.2,40000,80,TCP,1489
1765271857.5213974,10.0.0.1,10.0.0.2,40000,80,TCP,1338
1765271857.5399187,10.0.0.1,10.0.0.2,40000,80,TCP,777
1765271857.5701942,10.0.0.1,10.0.0.2,40000,80,TCP,1171
1765271857.5857446,10.0.0.1,10.0.0.2,40000,80,TCP,491
1765271857.6054814,10.0.0.1,10.0.0.2,40000,80,TCP,680
1765271857.6495733,10.0.0.1,10.0.0.2,40000,80,TCP,545
1765271857.6515799,10.0.0.1,10.0.0.2,40000,80,TCP,346
1765271857.669851,10.0.0.1,10.0.0.2,40000,80,TCP,777
1765271857.6732662,10.0.0.1,10.0.0.2,40000,80,TCP,163
1765271857.6865182,10.0.0.1,10.0.0.2,40000,80,TCP,1494
1765271857.7027588,10.0.0.3,10.0.0.4,0,0,ICMP,64
1765271857.7212205,10.0.0.1,10.0.0.2,40000,80,TCP,1428
1765271857.7385552,10.0.0.1,10.0.0.2,40000,80,TCP,661
1765271857.833085,10.0.0.3,10.0.0.4,0,0,ICMP,64
1765271857.8556895,10.0.0.3,10.0.0.4,0,0,ICMP,64
1765271857.8570025,10.0.0.1,10.0.0.2,40000,80,TCP,1361
1765271857.858704,10.0.0.1,10.0.0.2,40000,80,TCP,597
1765271857.9189928,10.0.0.1,10.0.0.2,40000,80,TCP,529
1765271857.9499352,10.0.0.1,10.0.0.2,40000,80,TCP,116
1765271857.9714272,10.0.0.1,10.0.0.2,40000,80,TCP,635
1765271857.9737904,10.0.0.3,10.0.0.4,0,0,ICMP,64
1765271857.9835012,10.0.0.1,10.0.0.2,40000,80,TCP,225
1765271858.0997448,10.0.0.3,10.0.0.4,0,0,ICMP,64
1765271858.099869,10.0.0.1,10.0.0.2,40000,80,TCP,1340
1765271858.107486,10.0.0.1,10.0.0.2,40000,80,TCP,431
1765271858.1215806,10.0.0.3,10.0.0.4,0,0,ICMP,64
1765271858.1295457,10.0.0.1,10.0.0.2,40000,80,TCP,614
1765271858.1436694,10.0.0.3,10.0.0.4,0,0,ICMP,64
1765271858.1575747,10.0.0.1,10.0.0.2,40000,80,TCP,199
1765271858.1742845,10.0.0.1,10.0.0.2,40000,80,TCP,66
1765271858.258282,10.0.0.1,10.0.0.2,40000,80,TCP,604
1765271858.265609,10.0.0.1,10.0.0.2,40000,80,TCP,145
1765271858.268476,10.0.0.1,10.0.0.2,40000,80,TCP,808
1765271858.2775412,10.0.0.1,10.0.0.2,40000,80,TCP,228
1765271858.2920127,10.0.0.1,10.0.0.2,40000,80,TCP,943
1765271858.301966,10.0.0.1,10.0.0.2,40000,80,TCP,591
1765271858.3208494,10.0.0.1,10.0.0.2,40000,80,TCP,379
1765271858.4243107,10.0.0.1,10.0.0.2,40000,80,TCP,1378
1765271858.4395003,10.0.0.1,10.0.0.2,40000,80,TCP,758
1765271858.4637294,10.0.0.1,10.0.0.2,40000,80,TCP,1389
1765271858.5300593,10.0.0.1,10.0.0.2,40000,80,TCP,848
1765271858.5484812,10.0.0.1,10.0.0.2,40000,80,TCP,760
1765271858.5838692,10.0.0.1,10.0.0.2,40000,80,TCP,70
1765271858.630659,10.0.0.1,10.0.0.2,40000,80,TCP,960
1765271858.6334672,10.0.0.3,10.0.0.4,0,0,ICMP,64
1765271858.6577404,10.0.0.1,10.0.0.2,40000,80,TCP,736
1765271858.673685,10.0.0.1,10.0.0.2,40000,80,TCP,719
1765271858.7017126,10.0.0.1,10.0.0.2,40000,80,TCP,1489
1765271858.7658658,10.0.0.3,10.0.0.4,0,0,ICMP,64
1765271858.7867758,10.0.0.3,10.0.0.4,0,0,ICMP,64
1765271858.848214,10.0.0.1,10.0.0.2,40000,80,TCP,454
1765271858.8814523,10.0.0.1,10.0.0.2,40000,80,TCP,1173
1765271858.8817382,10.0.0.1,10.0.0.2,40000,80,TCP,232
1765271858.9003146,10.0.0.1,10.0.0.2,40000,80,TCP,924
1765271858.918131,10.0.0.3,10.0.0.4,0,0,ICMP,64
1765271858.9253488,10.0.0.1,10.0.0.2,40000,80,TCP,1022
1765271858.9501991,10.0.0.1,10.0.0.2,40000,80,TCP,1434
1765271858.9525015,10.0.0.1,10.0.0.2,40000,80,TCP,267
1765271858.9784403,10.0.0.1,10.0.0.2,40000,80,TCP,600
1765271858.9959614,10.0.0.1,10.0.0.2,40000,80,TCP,260
1765271859.0190632,10.0.0.1,10.0.0.2,40000,80,TCP,529
1765271859.0498946,10.0.0.3,10.0.0.4,0,0,ICMP,64
1765271859.071864,10.0.0.3,10.0.0.4,0,0,ICMP,64
1765271859.0846064,10.0.0.1,10.0.0.2,40000,80,TCP,861
1765271859.0934412,10.0.0.3,10.0.0.4,0,0,ICMP,64
1765271859.156126,10.0.0.1,10.0.0.2,40000,80,TCP,1372
1765271859.163342,10.0.0.1,10.0.0.2,40000,80,TCP,197
1765271859.1652524,10.0.0.1,10.0.0.2,40000,80,TCP,800
1765271859.1832976,10.0.0.1,10.0.0.2,40000,80,TCP,155
1765271859.1848578,10.0.0.1,10.0.0.2,40000,80,TCP,146
1765271859.3206851,10.0.0.1,10.0.0.2,40000,80,TCP,767
1765271859.3528194,10.0.0.1,10.0.0.2,40000,80,TCP,1291
1765271859.3634214,10.0.0.1,10.0.0.2,40000,80,TCP,1117
1765271859.4211438,10.0.0.1,10.0.0.2,40000,80,TCP,73
1765271859.4711645,10.0.0.1,10.0.0.2,40000,80,TCP,133
1765271859.4936662,10.0.0.1,10.0.0.2,40000,80,TCP,564
1765271859.5108743,10.0.0.3,10.0.0.4,0,0,ICMP,64
1765271859.5859444,10.0.0.1,10.0.0.2,40000,80,TCP,775
1765271859.6027625,10.0.0.1,10.0.0.2,40000,80,TCP,279
1765271859.6334655,10.0.0.1,10.0.0.2,40000,80,TCP,555
1765271859.6339192,10.0.0.1,10.0.0.2,40000,80,TCP,1294
1765271859.6403425,10.0.0.3,10.0.0.4,0,0,ICMP,64
1765271859.646795,10.0.0.1,10.0.0.2,40000,80,TCP,720
1765271859.6601658,10.0.0.3,10.0.0.4,0,0,ICMP,64
1765271859.67327,10.0.0.1,10.0.0.2,40000,80,TCP,1275
1765271859.748894,10.0.0.1,10.0.0.2,40000,80,TCP,251
1765271859.773047,10.0.0.1,10.0.0.2,40000,80,TCP,67
1765271859.784942,10.0.0.3,10.0.0.4,0,0,ICMP,64
1765271859.805501,10.0.0.1,10.0.0.2,40000,80,TCP,1077
1765271859.825431,10.0.0.1,10.0.0.2,40000,80,TCP,569
1765271859.8301284,10.0.0.1,10.0.0.2,40000,80,TCP,486
1765271859.8939576,10.0.0.3,10.0.0.4,0,0,ICMP,64
1765271859.9154525,10.0.0.3,10.0.0.4,0,0,ICMP,64
1765271859.9377763,10.0.0.3,10.0.0.4,0,0,ICMP,64
1765271859.9541333,10.0.0.1,10.0.0.2,40000,80,TCP,1379
1765271860.0855427,10.0.0.1,10.0.0.2,40000,80,TCP,92
1765271860.1419084,10.0.0.1,10.0.0.2,40000,80,TCP,974
1765271860.157158,10.0.0.1,10.0.0.2,40000,80,TCP,929
1765271860.1872108,10.0.0.1,10.0.0.2,40000,80,TCP,450
1765271860.2378438,10.0.0.1,10.0.0.2,40000,80,TCP,153
1765271860.2770922,10.0.0.1,10.0.0.2,40000,80,TCP,994
1765271860.3067317,10.0.0.1,10.0.0.2,40000,80,TCP,216
1765271860.3199897,10.0.0.1,10.0.0.2,40000,80,TCP,1314
1765271860.3339486,10.0.0.3,10.0.0.4,0,0,ICMP,64
1765271860.3539996,10.0.0.1,10.0.0.2,40000,80,TCP,1163
1765271860.3797262,10.0.0.1,10.0.0.2,40000,80,TCP,273
1765271860.3850749,10.0.0.1,10.0.0.2,40000,80,TCP,619
1765271860.4228425,10.0.0.1,10.0.0.2,40000,80,TCP,835
1765271860.4539866,10.0.0.1,10.0.0.2,40000,80,TCP,969
1765271860.4646268,10.0.0.3,10.0.0.4,0,0,ICMP,64
1765271860.484672,10.0.0.3,10.0.0.4,0,0,ICMP,64
1765271860.493593,10.0.0.1,10.0.0.2,40000,80,TCP,333
1765271860.5572283,10.0.0.1,10.0.0.2,40000,80,TCP,272
1765271860.588065,10.0.0.1,10.0.0.2,40000,80,TCP,901
1765271860.6147592,10.0.0.3,10.0.0.4,0,0,ICMP,64
1765271860.6332319,10.0.0.1,10.0.0.2,40000,80,TCP,1329
1765271860.7243161,10.0.0.1,10.0.0.2,40000,80,TCP,1022
1765271860.7370167,10.0.0.3,10.0.0.4,0,0,ICMP,64
1765271860.7391093,10.0.0.1,10.0.0.2,40000,80,TCP,1184
1765271860.7576585,10.0.0.3,10.0.0.4,0,0,ICMP,64
1765271860.7761357,10.0.0.1,10.0.0.2,40000,80,TCP,1117
1765271860.777093,10.0.0.3,10.0.0.4,0,0,ICMP,64
1765271860.80768,10.0.0.1,10.0.0.2,40000,80,TCP,1300
1765271860.8344858,10.0.0.1,10.0.0.2,40000,80,TCP,1179
1765271860.923735,10.0.0.1,10.0.0.2,40000,80,TCP,568
1765271860.9842076,10.0.0.1,10.0.0.2,40000,80,TCP,609
1765271861.0386093,10.0.0.1,10.0.0.2,40000,80,TCP,264
1765271861.0758038,10.0.0.1,10.0.0.2,40000,80,TCP,611
1765271861.078102,10.0.0.1,10.0.0.2,40000,80,TCP,749
1765271861.1190646,10.0.0.1,10.0.0.2,40000,80,TCP,1306
1765271861.1204052,10.0.0.1,10.0.0.2,40000,80,TCP,244
1765271861.1437736,10.0.0.1,10.0.0.2,40000,80,TCP,338
1765271861.1812165,10.0.0.1,10.0.0.2,40000,80,TCP,1131
1765271861.2082975,10.0.0.1,10.0.0.2,40000,80,TCP,1170
1765271861.2145574,10.0.0.1,10.0.0.2,40000,80,TCP,988
1765271861.239879,10.0.0.1,10.0.0.2,40000,80,TCP,725
1765271861.2451253,10.0.0.1,10.0.0.2,40000,80,TCP,1146
1765271861.248642,10.0.0.3,10.0.0.4,0,0,ICMP,64
1765271861.3094945,10.0.0.1,10.0.0.2,40000,80,TCP,1202
1765271861.3147745,10.0.0.1,10.0.0.2,40000,80,TCP,1161
1765271861.3210669,10.0.0.1,10.0.0.2,40000,80,TCP,1372
1765271861.3680007,10.0.0.1,10.0.0.2,40000,80,TCP,501
1765271861.3746037,10.0.0.3,10.0.0.4,0,0,ICMP,64
1765271861.396859,10.0.0.3,10.0.0.4,0,0,ICMP,64
1765271861.4337988,10.0.0.1,10.0.0.2,40000,80,TCP,957
1765271861.4356604,10.0.0.1,10.0.0.2,40000,80,TCP,1348
1765271861.4375787,10.0.0.1,10.0.0.2,40000,80,TCP,1479
1765271861.482605,10.0.0.1,10.0.0.2,40000,80,TCP,738
1765271861.4834852,10.0.0.1,10.0.0.2,40000,80,TCP,279
1765271861.5120323,10.0.0.3,10.0.0.4,0,0,ICMP,64
1765271861.5130353,10.0.0.1,10.0.0.2,40000,80,TCP,691
1765271861.5532794,10.0.0.1,10.0.0.2,40000,80,TCP,90
1765271861.6409888,10.0.0.1,10.0.0.2,40000,80,TCP,1371
1765271861.644906,10.0.0.3,10.0.0.4,0,0,ICMP,64
1765271861.667825,10.0.0.3,10.0.0.4,0,0,ICMP,64
1765271861.6851096,10.0.0.1,10.0.0.2,40000,80,TCP,861
1765271861.6885674,10.0.0.3,10.0.0.4,0,0,ICMP,64
1765271861.7344258,10.0.0.1,10.0.0.2,40000,80,TCP,473
1765271861.7471664,10.0.0.1,10.0.0.2,40000,80,TCP,1283
1765271861.7826626,10.0.0.1,10.0.0.2,40000,80,TCP,157
1765271861.8232086,10.0.0.1,10.0.0.2,40000,80,TCP,1379
1765271861.9008186,10.0.0.1,10.0.0.2,40000,80,TCP,967
1765271861.9030666,10.0.0.1,10.0.0.2,40000,80,TCP,1173
1765271861.9257736,10.0.0.1,10.0.0.2,40000,80,TCP,768
1765271861.9486213,10.0.0.1,10.0.0.2,40000,80,TCP,682
1765271861.9754207,10.0.0.1,10.0.0.2,40000,80,TCP,125
1765271862.019575,10.0.0.1,10.0.0.2,40000,80,TCP,1302
1765271862.0939007,10.0.0.1,10.0.0.2,40000,80,TCP,489
1765271862.1136744,10.0.0.1,10.0.0.2,40000,80,TCP,78
1765271862.1481223,10.0.0.1,10.0.0.2,40000,80,TCP,1266
1765271862.170079,10.0.0.1,10.0.0.2,40000,80,TCP,848
1765271862.1855376,10.0.0.1,10.0.0.2,40000,80,TCP,1128
1765271862.1892369,10.0.0.3,10.0.0.4,0,0,ICMP,64
1765271862.2408535,10.0.0.1,10.0.0.2,40000,80,TCP,1429
1765271862.3021722,10.0.0.3,10.0.0.4,0,0,ICMP,64
1765271862.3232946,10.0.0.3,10.0.0.4,0,0,ICMP,64
1765271862.394999,10.0.0.1,10.0.0.2,40000,80,TCP,673
1765271862.4068553,10.0.0.1,10.0.0.2,40000,80,TCP,550
1765271862.4330084,10.0.0.1,10.0.0.2,40000,80,TCP,1226
1765271862.4510167,10.0.0.1,10.0.0.2,40000,80,TCP,1145
1765271862.4543228,10.0.0.3,10.0.0.4,0,0,ICMP,64
1765271862.4752302,10.0.0.1,10.0.0.2,40000,80,TCP,192
1765271862.5114067,10.0.0.1,10.0.0.2,40000,80,TCP,1098
1765271862.5283098,10.0.0.1,10.0.0.2,40000,80,TCP,1279
1765271862.5563715,10.0.0.1,10.0.0.2,40000,80,TCP,842
1765271862.5660062,10.0.0.1,10.0.0.2,40000,80,TCP,820
1765271862.5701027,10.0.0.3,10.0.0.4,0,0,ICMP,64
1765271862.5894434,10.0.0.3,10.0.0.4,0,0,ICMP,64
1765271862.6014466,10.0.0.1,10.0.0.2,40000,80,TCP,1062
1765271862.611703,10.0.0.3,10.0.0.4,0,0,ICMP,64
1765271862.6140258,10.0.0.1,10.0.0.2,40000,80,TCP,66
1765271862.6153235,10.0.0.1,10.0.0.2,40000,80,TCP,610
1765271862.6832743,10.0.0.1,10.0.0.2,40000,80,TCP,630
1765271862.7339582,10.0.0.1,10.0.0.2,40000,80,TCP,597
1765271862.761737,10.0.0.1,10.0.0.2,40000,80,TCP,599
1765271862.764195,10.0.0.1,10.0.0.2,40000,80,TCP,1305
1765271862.7730427,10.0.0.1,10.0.0.2,40000,80,TCP,244
1765271862.8337991,10.0.0.1,10.0.0.2,40000,80,TCP,459
1765271862.8384147,10.0.0.1,10.0.0.2,40000,80,TCP,521
1765271862.8632355,10.0.0.1,10.0.0.2,40000,80,TCP,287
1765271862.9080577,10.0.0.1,10.0.0.2,40000,80,TCP,588
1765271862.908593,10.0.0.1,10.0.0.2,40000,80,TCP,730
1765271862.9437742,10.0.0.1,10.0.0.2,40000,80,TCP,400
1765271862.9463465,10.0.0.1,10.0.0.2,40000,80,TCP,1383
1765271863.0226743,10.0.0.1,10.0.0.2,40000,80,TCP,917
1765271863.0510845,10.0.0.1,10.0.0.2,40000,80,TCP,338
1765271863.1068687,10.0.0.3,10.0.0.4,0,0,ICMP,64
1765271863.107372,10.0.0.1,10.0.0.2,40000,80,TCP,1495
1765271863.116125,10.0.0.1,10.0.0.2,40000,80,TCP,1280
1765271863.1348019,10.0.0.1,10.0.0.2,40000,80,TCP,668
1765271863.1469402,10.0.0.1,10.0.0.2,40000,80,TCP,418
1765271863.2004774,10.0.0.1,10.0.0.2,40000,80,TCP,1043
1765271863.207543,10.0.0.1,10.0.0.2,40000,80,TCP,850
1765271863.2200298,10.0.0.3,10.0.0.4,0,0,ICMP,64
1765271863.2261999,10.0.0.1,10.0.0.2,40000,80,TCP,1275
1765271863.2417862,10.0.0.3,10.0.0.4,0,0,ICMP,64
1765271863.27004,10.0.0.1,10.0.0.2,40000,80,TCP,1213
1765271863.2754567,10.0.0.1,10.0.0.2,40000,80,TCP,670
1765271863.3192248,10.0.0.1,10.0.0.2,40000,80,TCP,182
1765271863.3660064,10.0.0.3,10.0.0.4,0,0,ICMP,64
1765271863.40397,10.0.0.1,10.0.0.2,40000,80,TCP,470
1765271863.4896579,10.0.0.3,10.0.0.4,0,0,ICMP,64
1765271863.5122476,10.0.0.3,10.0.0.4,0,0,ICMP,64
1765271863.5136502,10.0.0.1,10.0.0.2,40000,80,TCP,708
1765271863.5335748,10.0.0.3,10.0.0.4,0,0,ICMP,64
1765271863.5570226,10.0.0.1,10.0.0.2,40000,80,TCP,404
1765271863.583295,10.0.0.1,10.0.0.2,40000,80,TCP,142
1765271863.6379533,10.0.0.1,10.0.0.2,40000,80,TCP,439
1765271863.638859,10.0.0.1,10.0.0.2,40000,80,TCP,1086
1765271863.6599321,10.0.0.1,10.0.0.2,40000,80,TCP,507
1765271863.7219427,10.0.0.1,10.0.0.2,40000,80,TCP,851
1765271863.754384,10.0.0.1,10.0.0.2,40000,80,TCP,1043
1765271863.758009,10.0.0.1,10.0.0.2,40000,80,TCP,1098
1765271863.7701125,10.0.0.1,10.0.0.2,40000,80,TCP,560
1765271863.778181,10.0.0.1,10.0.0.2,40000,80,TCP,1215
1765271863.8092105,10.0.0.1,10.0.0.2,40000,80,TCP,1413
1765271863.83837,10.0.0.1,10.0.0.2,40000,80,TCP,348
1765271863.8627782,10.0.0.1,10.0.0.2,40000,80,TCP,125
1765271863.900084,10.0.0.1,10.0.0.2,40000,80,TCP,648
1765271863.9048665,10.0.0.1,10.0.0.2,40000,80,TCP,763
1765271863.969044,10.0.0.1,10.0.0.2,40000,80,TCP,491
1765271863.9915214,10.0.0.3,10.0.0.4,0,0,ICMP,64
1765271864.0116594,10.0.0.1,10.0.0.2,40000,80,TCP,1471
1765271864.0223064,10.0.0.1,10.0.0.2,40000,80,TCP,1065
1765271864.0837111,10.0.0.1,10.0.0.2,40000,80,TCP,582
1765271864.110157,10.0.0.3,10.0.0.4,0,0,ICMP,64
1765271864.1302693,10.0.0.3,10.0.0.4,0,0,ICMP,64
1765271864.1474836,10.0.0.1,10.0.0.2,40000,80,TCP,1005
1765271864.1986876,10.0.0.1,10.0.0.2,40000,80,TCP,497
1765271864.199901,10.0.0.1,10.0.0.2,40000,80,TCP,650
1765271864.240209,10.0.0.3,10.0.0.4,0,0,ICMP,64
1765271864.3410285,10.0.0.1,10.0.0.2,40000,80,TCP,1225
1765271864.3672538,10.0.0.3,10.0.0.4,0,0,ICMP,64
1765271864.3728535,10.0.0.1,10.0.0.2,40000,80,TCP,1466
1765271864.386701,10.0.0.3,10.0.0.4,0,0,ICMP,64
1765271864.3904667,10.0.0.1,10.0.0.2,40000,80,TCP,912
1765271864.4057782,10.0.0.3,10.0.0.4,0,0,ICMP,64
1765271864.4250443,10.0.0.1,10.0.0.2,40000,80,TCP,457
1765271864.436406,10.0.0.1,10.0.0.2,40000,80,TCP,1222
1765271864.4795809,10.0.0.1,10.0.0.2,40000,80,TCP,327
1765271864.559832,10.0.0.1,10.0.0.2,40000,80,TCP,843
1765271864.5809677,10.0.0.1,10.0.0.2,40000,80,TCP,769
1765271864.644513,10.0.0.1,10.0.0.2,40000,80,TCP,120
1765271864.7110581,10.0.0.1,10.0.0.2,40000,80,TCP,447
1765271864.7227168,10.0.0.1,10.0.0.2,40000,80,TCP,358
1765271864.72858,10.0.0.1,10.0.0.2,40000,80,TCP,1472
1765271864.7322614,10.0.0.1,10.0.0.2,40000,80,TCP,285
1765271864.7489843,10.0.0.1,10.0.0.2,40000,80,TCP,1262
1765271864.752119,10.0.0.1,10.0.0.2,40000,80,TCP,1154
1765271864.764626,10.0.0.1,10.0.0.2,40000,80,TCP,424
1765271864.8044658,10.0.0.1,10.0.0.2,40000,80,TCP,1067
1765271864.8557963,10.0.0.1,10.0.0.2,40000,80,TCP,1333
1765271864.8821433,10.0.0.3,10.0.0.4,0,0,ICMP,64
1765271864.947966,10.0.0.1,10.0.0.2,40000,80,TCP,1489
1765271865.0105617,10.0.0.3,10.0.0.4,0,0,ICMP,64
1765271865.0331986,10.0.0.3,10.0.0.4,0,0,ICMP,64
1765271865.0372217,10.0.0.1,10.0.0.2,40000,80,TCP,1043
1765271865.074288,10.0.0.1,10.0.0.2,40000,80,TCP,817
1765271865.0924962,10.0.0.1,10.0.0.2,40000,80,TCP,452
1765271865.094954,10.0.0.1,10.0.0.2,40000,80,TCP,997
1765271865.1001039,10.0.0.1,10.0.0.2,40000,80,TCP,803
1765271865.121544,10.0.0.1,10.0.0.2,40000,80,TCP,426
1765271865.156753,10.0.0.3,10.0.0.4,0,0,ICMP,64
1765271865.1729794,10.0.0.1,10.0.0.2,40000,80,TCP,1142
1765271865.1856606,10.0.0.1,10.0.0.2,40000,80,TCP,518
1765271865.2470953,10.0.0.1,10.0.0.2,40000,80,TCP,1362
1765271865.2623968,10.0.0.1,10.0.0.2,40000,80,TCP,108
1765271865.2693055,10.0.0.1,10.0.0.2,40000,80,TCP,333
1765271865.270796,10.0.0.3,10.0.0.4,0,0,ICMP,64
1765271865.2903562,10.0.0.3,10.0.0.4,0,0,ICMP,64
1765271865.309904,10.0.0.3,10.0.0.4,0,0,ICMP,64
1765271865.389828,10.0.0.1,10.0.0.2,40000,80,TCP,1050
1765271865.4019823,10.0.0.1,10.0.0.2,40000,80,TCP,558
1765271865.4183636,10.0.0.1,10.0.0.2,40000,80,TCP,1112
1765271865.4626396,10.0.0.1,10.0.0.2,40000,80,TCP,100
1765271865.50535,10.0.0.1,10.0.0.2,40000,80,TCP,884
1765271865.5138137,10.0.0.1,10.0.0.2,40000,80,TCP,1420
1765271865.6020565,10.0.0.1,10.0.0.2,40000,80,TCP,790
1765271865.6599739,10.0.0.1,10.0.0.2,40000,80,TCP,1073
1765271865.6809895,10.0.0.1,10.0.0.2,40000,80,TCP,255
1765271865.6936011,10.0.0.3,10.0.0.4,0,0,ICMP,64
1765271865.715559,10.0.0.1,10.0.0.2,40000,80,TCP,83
1765271865.7503662,10.0.0.1,10.0.0.2,40000,80,TCP,550
1765271865.8219464,10.0.0.3,10.0.0.4,0,0,ICMP,64
1765271865.8420787,10.0.0.3,10.0.0.4,0,0,ICMP,64
1765271865.853717,10.0.0.1,10.0.0.2,40000,80,TCP,1061
1765271865.8742023,10.0.0.1,10.0.0.2,40000,80,TCP,527
1765271865.8796396,10.0.0.1,10.0.0.2,40000,80,TCP,90
1765271865.8813462,10.0.0.1,10.0.0.2,40000,80,TCP,1186
1765271865.8823762,10.0.0.1,10.0.0.2,40000,80,TCP,279
1765271865.9386647,10.0.0.1,10.0.0.2,40000,80,TCP,360
1765271865.974626,10.0.0.3,10.0.0.4,0,0,ICMP,64
1765271866.0096714,10.0.0.1,10.0.0.2,40000,80,TCP,961
1765271866.0374053,10.0.0.1,10.0.0.2,40000,80,TCP,148
1765271866.038219,10.0.0.1,10.0.0.2,40000,80,TCP,517
1765271866.0496597,10.0.0.1,10.0.0.2,40000,80,TCP,1101
1765271866.0871975,10.0.0.3,10.0.0.4,0,0,ICMP,64
1765271866.109248,10.0.0.3,10.0.0.4,0,0,ICMP,64
1765271866.1313968,10.0.0.3,10.0.0.4,0,0,ICMP,64
1765271866.1368542,10.0.0.1,10.0.0.2,40000,80,TCP,1388
1765271866.204438,10.0.0.1,10.0.0.2,40000,80,TCP,1410
1765271866.311541,10.0.0.1,10.0.0.2,40000,80,TCP,870
1765271866.3250203,10.0.0.1,10.0.0.2,40000,80,TCP,519
1765271866.453094,10.0.0.1,10.0.0.2,40000,80,TCP,432
1765271866.4838383,10.0.0.1,10.0.0.2,40000,80,TCP,625
1765271866.4934103,10.0.0.1,10.0.0.2,40000,80,TCP,366
1765271866.5819197,10.0.0.1,10.0.0.2,40000,80,TCP,1234
1765271866.5992696,10.0.0.3,10.0.0.4,0,0,ICMP,64
1765271866.6472113,10.0.0.1,10.0.0.2,40000,80,TCP,120
1765271866.668831,10.0.0.1,10.0.0.2,40000,80,TCP,1014
1765271866.7297134,10.0.0.3,10.0.0.4,0,0,ICMP,64
1765271866.7327282,10.0.0.1,10.0.0.2,40000,80,TCP,899
1765271866.7474551,10.0.0.1,10.0.0.2,40000,80,TCP,1026
1765271866.7504385,10.0.0.3,10.0.0.4,0,0,ICMP,64
1765271866.7530508,10.0.0.1,10.0.0.2,40000,80,TCP,1500
1765271866.8432922,10.0.0.1,10.0.0.2,40000,80,TCP,538
1765271866.8828318,10.0.0.3,10.0.0.4,0,0,ICMP,64
1765271866.907294,10.0.0.1,10.0.0.2,40000,80,TCP,930
1765271866.9329262,10.0.0.1,10.0.0.2,40000,80,TCP,1276
1765271866.9787798,10.0.0.1,10.0.0.2,40000,80,TCP,222
1765271866.9870975,10.0.0.1,10.0.0.2,40000,80,TCP,360
1765271867.007761,10.0.0.3,10.0.0.4,0,0,ICMP,64
1765271867.0205564,10.0.0.1,10.0.0.2,40000,80,TCP,461
1765271867.030605,10.0.0.3,10.0.0.4,0,0,ICMP,64
1765271867.0535939,10.0.0.3,10.0.0.4,0,0,ICMP,64
1765271867.0731864,10.0.0.1,10.0.0.2,40000,80,TCP,511
1765271867.0854979,10.0.0.1,10.0.0.2,40000,80,TCP,390
1765271867.12689,10.0.0.1,10.0.0.2,40000,80,TCP,390
1765271867.173116,10.0.0.1,10.0.0.2,40000,80,TCP,1403
1765271867.1904185,10.0.0.1,10.0.0.2,40000,80,TCP,280
1765271867.2038105,10.0.0.1,10.0.0.2,40000,80,TCP,1241
1765271867.2773907,10.0.0.1,10.0.0.2,40000,80,TCP,1044
1765271867.370403,10.0.0.1,10.0.0.2,40000,80,TCP,643
1765271867.3972738,10.0.0.3,10.0.0.4,0,0,ICMP,64
1765271867.4610598,10.0.0.1,10.0.0.2,40000,80,TCP,60
1765271867.4687233,10.0.0.1,10.0.0.2,40000,80,TCP,867
1765271867.5208132,10.0.0.3,10.0.0.4,0,0,ICMP,64
1765271867.5281277,10.0.0.1,10.0.0.2,40000,80,TCP,1157
1765271867.5406363,10.0.0.3,10.0.0.4,0,0,ICMP,64
1765271867.5641212,10.0.0.1,10.0.0.2,40000,80,TCP,1010
1765271867.658135,10.0.0.1,10.0.0.2,40000,80,TCP,1126
1765271867.6670194,10.0.0.3,10.0.0.4,0,0,ICMP,64
1765271867.7461073,10.0.0.1,10.0.0.2,40000,80,TCP,999
1765271867.7610307,10.0.0.1,10.0.0.2,40000,80,TCP,374
1765271867.7721214,10.0.0.1,10.0.0.2,40000,80,TCP,329
1765271867.78115,10.0.0.3,10.0.0.4,0,0,ICMP,64
1765271867.8037946,10.0.0.3,10.0.0.4,0,0,ICMP,64
1765271867.8256056,10.0.0.3,10.0.0.4,0,0,ICMP,64
1765271867.8330424,10.0.0.1,10.0.0.2,40000,80,TCP,1230
1765271867.8639688,10.0.0.1,10.0.0.2,40000,80,TCP,1029
1765271867.9429665,10.0.0.1,10.0.0.2,40000,80,TCP,60
1765271868.0626116,10.0.0.1,10.0.0.2,40000,80,TCP,1059
1765271868.0857806,10.0.0.1,10.0.0.2,40000,80,TCP,803
1765271868.091257,10.0.0.1,10.0.0.2,40000,80,TCP,824
1765271868.1083055,10.0.0.1,10.0.0.2,40000,80,TCP,1183
1765271868.1386678,10.0.0.1,10.0.0.2,40000,80,TCP,760
1765271868.2002313,10.0.0.3,10.0.0.4,0,0,ICMP,64
1765271868.285258,10.0.0.1,10.0.0.2,40000,80,TCP,536
1765271868.319042,10.0.0.3,10.0.0.4,0,0,ICMP,64
1765271868.3387158,10.0.0.3,10.0.0.4,0,0,ICMP,64
1765271868.3988092,10.0.0.1,10.0.0.2,40000,80,TCP,607
1765271868.4018447,10.0.0.1,10.0.0.2,40000,80,TCP,1250
1765271868.442342,10.0.0.1,10.0.0.2,40000,80,TCP,1362
1765271868.4429543,10.0.0.1,10.0.0.2,40000,80,TCP,757
1765271868.45322,10.0.0.1,10.0.0.2,40000,80,TCP,114
1765271868.4644108,10.0.0.3,10.0.0.4,0,0,ICMP,64
1765271868.486257,10.0.0.1,10.0.0.2,40000,80,TCP,146
1765271868.488073,10.0.0.1,10.0.0.2,40000,80,TCP,1020
1765271868.4986358,10.0.0.1,10.0.0.2,40000,80,TCP,560
1765271868.523072,10.0.0.1,10.0.0.2,40000,80,TCP,679
1765271868.5270011,10.0.0.1,10.0.0.2,40000,80,TCP,813
1765271868.5643425,10.0.0.1,10.0.0.2,40000,80,TCP,1184
1765271868.593511,10.0.0.3,10.0.0.4,0,0,ICMP,64
1765271868.5965257,10.0.0.1,10.0.0.2,40000,80,TCP,733
1765271868.6164844,10.0.0.3,10.0.0.4,0,0,ICMP,64
1765271868.6369972,10.0.0.3,10.0.0.4,0,0,ICMP,64
1765271868.7007546,10.0.0.1,10.0.0.2,40000,80,TCP,1109
1765271868.7254307,10.0.0.1,10.0.0.2,40000,80,TCP,815
1765271868.727155,10.0.0.1,10.0.0.2,40000,80,TCP,969
1765271868.7314336,10.0.0.1,10.0.0.2,40000,80,TCP,913
1765271868.7871082,10.0.0.1,10.0.0.2,40000,80,TCP,799
1765271868.8749027,10.0.0.1,10.0.0.2,40000,80,TCP,736
1765271868.8815916,10.0.0.1,10.0.0.2,40000,80,TCP,1057
1765271868.8892405,10.0.0.1,10.0.0.2,40000,80,TCP,748
1765271868.9635322,10.0.0.1,10.0.0.2,40000,80,TCP,1164
1765271869.0064518,10.0.0.3,10.0.0.4,0,0,ICMP,64
1765271869.1383257,10.0.0.3,10.0.0.4,0,0,ICMP,64
1765271869.1576488,10.0.0.3,10.0.0.4,0,0,ICMP,64
1765271869.16059,10.0.0.1,10.0.0.2,40000,80,TCP,508
1765271869.1653905,10.0.0.1,10.0.0.2,40000,80,TCP,949
1765271869.2250109,10.0.0.1,10.0.0.2,40000,80,TCP,471
1765271869.2453575,10.0.0.1,10.0.0.2,40000,80,TCP,496
1765271869.270884,10.0.0.1,10.0.0.2,40000,80,TCP,499
1765271869.2815611,10.0.0.3,10.0.0.4,0,0,ICMP,64
1765271869.312487,10.0.0.1,10.0.0.2,40000,80,TCP,1040
1765271869.3300562,10.0.0.1,10.0.0.2,40000,80,TCP,487
1765271869.350899,10.0.0.1,10.0.0.2,40000,80,TCP,239
1765271869.372688,10.0.0.1,10.0.0.2,40000,80,TCP,448
1765271869.3769846,10.0.0.1,10.0.0.2,40000,80,TCP,850
1765271869.413332,10.0.0.3,10.0.0.4,0,0,ICMP,64
1765271869.4333136,10.0.0.3,10.0.0.4,0,0,ICMP,64
1765271869.4336908,10.0.0.1,10.0.0.2,40000,80,TCP,319
1765271869.434777,10.0.0.1,10.0.0.2,40000,80,TCP,1446
1765271869.4555387,10.0.0.3,10.0.0.4,0,0,ICMP,64
1765271869.4845824,10.0.0.1,10.0.0.2,40000,80,TCP,121
1765271869.5596304,10.0.0.1,10.0.0.2,40000,80,TCP,92
1765271869.593272,10.0.0.1,10.0.0.2,40000,80,TCP,582
1765271869.6027524,10.0.0.1,10.0.0.2,40000,80,TCP,890
1765271869.6113062,10.0.0.1,10.0.0.2,40000,80,TCP,823
1765271869.6738153,10.0.0.1,10.0.0.2,40000,80,TCP,1071
1765271869.6841207,10.0.0.1,10.0.0.2,40000,80,TCP,1173
1765271869.6892416,10.0.0.1,10.0.0.2,40000,80,TCP,134
1765271869.800017,10.0.0.1,10.0.0.2,40000,80,TCP,107
1765271869.8050876,10.0.0.3,10.0.0.4,0,0,ICMP,64
1765271869.8437183,10.0.0.1,10.0.0.2,40000,80,TCP,1006
1765271869.9166348,10.0.0.3,10.0.0.4,0,0,ICMP,64
1765271869.9374533,10.0.0.3,10.0.0.4,0,0,ICMP,64
1765271869.9497967,10.0.0.1,10.0.0.2,40000,80,TCP,755
1765271870.0134149,10.0.0.1,10.0.0.2,40000,80,TCP,188
1765271870.0380049,10.0.0.1,10.0.0.2,40000,80,TCP,889
1765271870.0640392,10.0.0.3,10.0.0.4,0,0,ICMP,64
1765271870.1487076,10.0.0.1,10.0.0.2,40000,80,TCP,789
1765271870.1797602,10.0.0.1,10.0.0.2,40000,80,TCP,725
1765271870.1837742,10.0.0.3,10.0.0.4,0,0,ICMP,64
1765271870.205097,10.0.0.3,10.0.0.4,0,0,ICMP,64
1765271870.226908,10.0.0.3,10.0.0.4,0,0,ICMP,64
1765271870.2317748,10.0.0.1,10.0.0.2,40000,80,TCP,551
1765271870.4530663,10.0.0.1,10.0.0.2,40000,80,TCP,940
1765271870.480523,10.0.0.1,10.0.0.2,40000,80,TCP,1023
1765271870.481451,10.0.0.1,10.0.0.2,40000,80,TCP,202
1765271870.490634,10.0.0.1,10.0.0.2,40000,80,TCP,1045
1765271870.5398896,10.0.0.1,10.0.0.2,40000,80,TCP,1298
1765271870.5529683,10.0.0.1,10.0.0.2,40000,80,TCP,1001
1765271870.5589101,10.0.0.1,10.0.0.2,40000,80,TCP,433
1765271870.572688,10.0.0.1,10.0.0.2,40000,80,TCP,150
1765271870.5920877,10.0.0.1,10.0.0.2,40000,80,TCP,949
1765271870.611749,10.0.0.1,10.0.0.2,40000,80,TCP,63
1765271870.6466198,10.0.0.1,10.0.0.2,40000,80,TCP,239
1765271870.6635473,10.0.0.1,10.0.0.2,40000,80,TCP,740
1765271870.6728678,10.0.0.1,10.0.0.2,40000,80,TCP,1283
1765271870.7080162,10.0.0.1,10.0.0.2,40000,80,TCP,1284
1765271870.7229638,10.0.0.3,10.0.0.4,0,0,ICMP,64
1765271870.763551,10.0.0.1,10.0.0.2,40000,80,TCP,650
1765271870.773749,10.0.0.1,10.0.0.2,40000,80,TCP,317
1765271870.8060617,10.0.0.1,10.0.0.2,40000,80,TCP,817
1765271870.8361266,10.0.0.1,10.0.0.2,40000,80,TCP,1081
1765271870.8440912,10.0.0.3,10.0.0.4,0,0,ICMP,64
1765271870.8446052,10.0.0.1,10.0.0.2,40000,80,TCP,1173
1765271870.866497,10.0.0.3,10.0.0.4,0,0,ICMP,64
1765271870.8685882,10.0.0.1,10.0.0.2,40000,80,TCP,769
1765271870.8874993,10.0.0.1,10.0.0.2,40000,80,TCP,1484
1765271870.8902476,10.0.0.1,10.0.0.2,40000,80,TCP,813
1765271870.9055,10.0.0.1,10.0.0.2,40000,80,TCP,441
1765271870.9079244,10.0.0.1,10.0.0.2,40000,80,TCP,1399
1765271870.9180377,10.0.0.1,10.0.0.2,40000,80,TCP,1330
1765271870.9959626,10.0.0.3,10.0.0.4,0,0,ICMP,64
1765271870.998665,10.0.0.1,10.0.0.2,40000,80,TCP,1183
1765271871.0143192,10.0.0.1,10.0.0.2,40000,80,TCP,1407
1765271871.0179985,10.0.0.1,10.0.0.2,40000,80,TCP,1134
1765271871.117234,10.0.0.3,10.0.0.4,0,0,ICMP,64
1765271871.1185715,10.0.0.1,10.0.0.2,40000,80,TCP,886
1765271871.1399105,10.0.0.3,10.0.0.4,0,0,ICMP,64
1765271871.1483784,10.0.0.1,10.0.0.2,40000,80,TCP,934
1765271871.1624832,10.0.0.3,10.0.0.4,0,0,ICMP,64
1765271871.1781018,10.0.0.1,10.0.0.2,40000,80,TCP,326
1765271871.2140446,10.0.0.1,10.0.0.2,40000,80,TCP,1030
1765271871.3296485,10.0.0.1,10.0.0.2,40000,80,TCP,798
1765271871.3303852,10.0.0.1,10.0.0.2,40000,80,TCP,1102
1765271871.3469722,10.0.0.1,10.0.0.2,40000,80,TCP,518
1765271871.353045,10.0.0.1,10.0.0.2,40000,80,TCP,400
1765271871.3881679,10.0.0.1,10.0.0.2,40000,80,TCP,375
1765271871.426579,10.0.0.1,10.0.0.2,40000,80,TCP,1348
1765271871.433497,10.0.0.1,10.0.0.2,40000,80,TCP,1463
1765271871.4545994,10.0.0.1,10.0.0.2,40000,80,TCP,1031
1765271871.4871316,10.0.0.1,10.0.0.2,40000,80,TCP,364
1765271871.5090384,10.0.0.1,10.0.0.2,40000,80,TCP,525
1765271871.6282852,10.0.0.1,10.0.0.2,40000,80,TCP,907
1765271871.6336858,10.0.0.1,10.0.0.2,40000,80,TCP,912
1765271871.6684775,10.0.0.1,10.0.0.2,40000,80,TCP,1043
1765271871.680107,10.0.0.1,10.0.0.2,40000,80,TCP,805
1765271871.6808813,10.0.0.3,10.0.0.4,0,0,ICMP,64
1765271871.680992,10.0.0.1,10.0.0.2,40000,80,TCP,987
1765271871.7634757,10.0.0.1,10.0.0.2,40000,80,TCP,1265
1765271871.7719584,10.0.0.1,10.0.0.2,40000,80,TCP,825
1765271871.796599,10.0.0.3,10.0.0.4,0,0,ICMP,64
1765271871.8189523,10.0.0.3,10.0.0.4,0,0,ICMP,64
1765271871.8356543,10.0.0.1,10.0.0.2,40000,80,TCP,594
1765271871.8560119,10.0.0.1,10.0.0.2,40000,80,TCP,883
1765271871.878051,10.0.0.1,10.0.0.2,40000,80,TCP,169
1765271871.8807635,10.0.0.1,10.0.0.2,40000,80,TCP,1247
1765271871.9352245,10.0.0.3,10.0.0.4,0,0,ICMP,64
1765271871.990122,10.0.0.1,10.0.0.2,40000,80,TCP,1196
1765271871.9981062,10.0.0.1,10.0.0.2,40000,80,TCP,350
1765271872.0575209,10.0.0.3,10.0.0.4,0,0,ICMP,64
1765271872.0613878,10.0.0.1,10.0.0.2,40000,80,TCP,1368
1765271872.070725,10.0.0.1,10.0.0.2,40000,80,TCP,1221
1765271872.0791874,10.0.0.3,10.0.0.4,0,0,ICMP,64
1765271872.0985947,10.0.0.3,10.0.0.4,0,0,ICMP,64
1765271872.1109064,10.0.0.1,10.0.0.2,40000,80,TCP,1180
1765271872.1117125,10.0.0.1,10.0.0.2,40000,80,TCP,542
1765271872.1328356,10.0.0.1,10.0.0.2,40000,80,TCP,1043
1765271872.322236,10.0.0.1,10.0.0.2,40000,80,TCP,1469
1765271872.3533957,10.0.0.1,10.0.0.2,40000,80,TCP,518
1765271872.3836942,10.0.0.1,10.0.0.2,40000,80,TCP,1286
1765271872.392022,10.0.0.1,10.0.0.2,40000,80,TCP,1484
1765271872.4282675,10.0.0.1,10.0.0.2,40000,80,TCP,1083
1765271872.4464843,10.0.0.1,10.0.0.2,40000,80,TCP,1125
1765271872.4946127,10.0.0.3,10.0.0.4,0,0,ICMP,64
1765271872.5575643,10.0.0.1,10.0.0.2,40000,80,TCP,357
1765271872.617776,10.0.0.1,10.0.0.2,40000,80,TCP,1238
1765271872.6243038,10.0.0.3,10.0.0.4,0,0,ICMP,64
1765271872.6269991,10.0.0.1,10.0.0.2,40000,80,TCP,1025
1765271872.645348,10.0.0.3,10.0.0.4,0,0,ICMP,64
1765271872.666599,10.0.0.1,10.0.0.2,40000,80,TCP,1010
1765271872.6755898,10.0.0.1,10.0.0.2,40000,80,TCP,234
1765271872.701688,10.0.0.1,10.0.0.2,40000,80,TCP,671
1765271872.7252595,10.0.0.1,10.0.0.2,40000,80,TCP,638
1765271872.7476354,10.0.0.1,10.0.0.2,40000,80,TCP,802
1765271872.7725048,10.0.0.3,10.0.0.4,0,0,ICMP,64
1765271872.7753112,10.0.0.1,10.0.0.2,40000,80,TCP,772
1765271872.812886,10.0.0.1,10.0.0.2,40000,80,TCP,848
1765271872.850795,10.0.0.1,10.0.0.2,40000,80,TCP,1415
1765271872.888882,10.0.0.1,10.0.0.2,40000,80,TCP,264
1765271872.8889053,10.0.0.1,10.0.0.2,40000,80,TCP,1180
1765271872.8894281,10.0.0.1,10.0.0.2,40000,80,TCP,926
1765271872.9053152,10.0.0.3,10.0.0.4,0,0,ICMP,64
1765271872.9093854,10.0.0.1,10.0.0.2,40000,80,TCP,1237
1765271872.9245896,10.0.0.3,10.0.0.4,0,0,ICMP,64
1765271872.9443967,10.0.0.3,10.0.0.4,0,0,ICMP,64
1765271872.9569714,10.0.0.1,10.0.0.2,40000,80,TCP,782
1765271872.9934552,10.0.0.1,10.0.0.2,40000,80,TCP,496
1765271873.0037084,10.0.0.1,10.0.0.2,40000,80,TCP,1363
1765271873.12911,10.0.0.1,10.0.0.2,40000,80,TCP,1053
1765271873.138525,10.0.0.1,10.0.0.2,40000,80,TCP,981
1765271873.145078,10.0.0.1,10.0.0.2,40000,80,TCP,906
1765271873.2087538,10.0.0.1,10.0.0.2,40000,80,TCP,500
1765271873.23055,10.0.0.1,10.0.0.2,40000,80,TCP,378
1765271873.2971253,10.0.0.1,10.0.0.2,40000,80,TCP,1245
1765271873.3393285,10.0.0.1,10.0.0.2,40000,80,TCP,984
1765271873.3556356,10.0.0.1,10.0.0.2,40000,80,TCP,882
1765271873.3864508,10.0.0.1,10.0.0.2,40000,80,TCP,1485
1765271873.4304354,10.0.0.1,10.0.0.2,40000,80,TCP,1217
1765271873.4381795,10.0.0.1,10.0.0.2,40000,80,TCP,877
1765271873.4544768,10.0.0.3,10.0.0.4,0,0,ICMP,64
1765271873.4558828,10.0.0.1,10.0.0.2,40000,80,TCP,1068
1765271873.464763,10.0.0.1,10.0.0.2,40000,80,TCP,407
1765271873.4760773,10.0.0.1,10.0.0.2,40000,80,TCP,169
1765271873.481143,10.0.0.1,10.0.0.2,40000,80,TCP,272
1765271873.483583,10.0.0.1,10.0.0.2,40000,80,TCP,1461
1765271873.5506077,10.0.0.1,10.0.0.2,40000,80,TCP,1253
1765271873.5696135,10.0.0.1,10.0.0.2,40000,80,TCP,1020
1765271873.5790336,10.0.0.3,10.0.0.4,0,0,ICMP,64
1765271873.5861883,10.0.0.1,10.0.0.2,40000,80,TCP,730
1765271873.599066,10.0.0.3,10.0.0.4,0,0,ICMP,64
1765271873.6028247,10.0.0.1,10.0.0.2,40000,80,TCP,305
1765271873.6298587,10.0.0.1,10.0.0.2,40000,80,TCP,645
1765271873.6563702,10.0.0.1,10.0.0.2,40000,80,TCP,1310
1765271873.7296016,10.0.0.3,10.0.0.4,0,0,ICMP,64
1765271873.7874026,10.0.0.1,10.0.0.2,40000,80,TCP,1112
1765271873.819532,10.0.0.1,10.0.0.2,40000,80,TCP,1106
1765271873.841156,10.0.0.3,10.0.0.4,0,0,ICMP,64
1765271873.8616252,10.0.0.3,10.0.0.4,0,0,ICMP,64
1765271873.8837674,10.0.0.3,10.0.0.4,0,0,ICMP,64
1765271873.8837907,10.0.0.1,10.0.0.2,40000,80,TCP,184
1765271873.923234,10.0.0.1,10.0.0.2,40000,80,TCP,269
1765271873.933266,10.0.0.1,10.0.0.2,40000,80,TCP,1112
1765271873.9675736,10.0.0.1,10.0.0.2,40000,80,TCP,788
1765271873.994771,10.0.0.1,10.0.0.2,40000,80,TCP,1121
1765271874.002923,10.0.0.1,10.0.0.2,40000,80,TCP,1472
1765271874.0651124,10.0.0.1,10.0.0.2,40000,80,TCP,167
1765271874.0839105,10.0.0.1,10.0.0.2,40000,80,TCP,744
1765271874.091556,10.0.0.1,10.0.0.2,40000,80,TCP,1312
1765271874.1347492,10.0.0.1,10.0.0.2,40000,80,TCP,1168
1765271874.171399,10.0.0.1,10.0.0.2,40000,80,TCP,474
1765271874.1771064,10.0.0.1,10.0.0.2,40000,80,TCP,1434
1765271874.228074,10.0.0.3,10.0.0.4,0,0,ICMP,64
1765271874.2405922,10.0.0.1,10.0.0.2,40000,80,TCP,463
1765271874.2474773,10.0.0.1,10.0.0.2,40000,80,TCP,1042
1765271874.2842858,10.0.0.1,10.0.0.2,40000,80,TCP,621
1765271874.3446395,10.0.0.1,10.0.0.2,40000,80,TCP,1464
1765271874.3480253,10.0.0.3,10.0.0.4,0,0,ICMP,64
1765271874.3710122,10.0.0.3,10.0.0.4,0,0,ICMP,64
1765271874.378727,10.0.0.1,10.0.0.2,40000,80,TCP,709
1765271874.4006968,10.0.0.1,10.0.0.2,40000,80,TCP,307
1765271874.40699,10.0.0.1,10.0.0.2,40000,80,TCP,1318
1765271874.4844394,10.0.0.1,10.0.0.2,40000,80,TCP,791
1765271874.499536,10.0.0.3,10.0.0.4,0,0,ICMP,64
1765271874.5355768,10.0.0.1,10.0.0.2,40000,80,TCP,463
1765271874.6076183,10.0.0.1,10.0.0.2,40000,80,TCP,808
1765271874.6214304,10.0.0.1,10.0.0.2,40000,80,TCP,322
1765271874.621629,10.0.0.1,10.0.0.2,40000,80,TCP,1494
1765271874.6297789,10.0.0.3,10.0.0.4,0,0,ICMP,64
1765271874.630944,10.0.0.1,10.0.0.2,40000,80,TCP,1205
1765271874.6336408,10.0.0.1,10.0.0.2,40000,80,TCP,855
1765271874.6514993,10.0.0.3,10.0.0.4,0,0,ICMP,64
1765271874.6709793,10.0.0.3,10.0.0.4,0,0,ICMP,64
1765271874.6946578,10.0.0.1,10.0.0.2,40000,80,TCP,1046
1765271874.713725,10.0.0.1,10.0.0.2,40000,80,TCP,1161
1765271874.7507498,10.0.0.1,10.0.0.2,40000,80,TCP,881
1765271874.7539177,10.0.0.1,10.0.0.2,40000,80,TCP,579
1765271874.8524313,10.0.0.1,10.0.0.2,40000,80,TCP,180
1765271874.860154,10.0.0.1,10.0.0.2,40000,80,TCP,724
1765271874.902782,10.0.0.1,10.0.0.2,40000,80,TCP,1154
1765271874.9201992,10.0.0.1,10.0.0.2,40000,80,TCP,606
1765271874.9597352,10.0.0.1,10.0.0.2,40000,80,TCP,887
1765271875.0112858,10.0.0.1,10.0.0.2,40000,80,TCP,1195
1765271875.0206492,10.0.0.1,10.0.0.2,40000,80,TCP,1329
1765271875.0302532,10.0.0.3,10.0.0.4,0,0,ICMP,64
1765271875.0611794,10.0.0.1,10.0.0.2,40000,80,TCP,367
1765271875.0931375,10.0.0.1,10.0.0.2,40000,80,TCP,670
1765271875.1163363,10.0.0.1,10.0.0.2,40000,80,TCP,556
1765271875.1405962,10.0.0.3,10.0.0.4,0,0,ICMP,64
1765271875.1628878,10.0.0.3,10.0.0.4,0,0,ICMP,64
1765271875.2268732,10.0.0.1,10.0.0.2,40000,80,TCP,1161
1765271875.2355368,10.0.0.1,10.0.0.2,40000,80,TCP,754
1765271875.262098,10.0.0.1,10.0.0.2,40000,80,TCP,1383
1765271875.2768257,10.0.0.3,10.0.0.4,0,0,ICMP,64
1765271875.2933595,10.0.0.1,10.0.0.2,40000,80,TCP,97
1765271875.3211443,10.0.0.1,10.0.0.2,40000,80,TCP,1122
1765271875.349363,10.0.0.1,10.0.0.2,40000,80,TCP,816
1765271875.3536332,10.0.0.1,10.0.0.2,40000,80,TCP,785
1765271875.3942869,10.0.0.3,10.0.0.4,0,0,ICMP,64
1765271875.4140947,10.0.0.3,10.0.0.4,0,0,ICMP,64
1765271875.4202185,10.0.0.1,10.0.0.2,40000,80,TCP,508
1765271875.4332712,10.0.0.3,10.0.0.4,0,0,ICMP,64
1765271875.5042865,10.0.0.1,10.0.0.2,40000,80,TCP,377
1765271875.5148997,10.0.0.1,10.0.0.2,40000,80,TCP,1070
1765271875.5678988,10.0.0.1,10.0.0.2,40000,80,TCP,64
1765271875.629982,10.0.0.1,10.0.0.2,40000,80,TCP,1207
1765271875.6498034,10.0.0.1,10.0.0.2,40000,80,TCP,304
1765271875.6663668,10.0.0.1,10.0.0.2,40000,80,TCP,1339
1765271875.6781073,10.0.0.1,10.0.0.2,40000,80,TCP,161
1765271875.7427068,10.0.0.1,10.0.0.2,40000,80,TCP,491
1765271875.7464488,10.0.0.3,10.0.0.4,0,0,ICMP,64
1765271875.8190298,10.0.0.1,10.0.0.2,40000,80,TCP,908
1765271875.8665712,10.0.0.1,10.0.0.2,40000,80,TCP,1008
1765271875.86854,10.0.0.3,10.0.0.4,0,0,ICMP,64
1765271875.8903494,10.0.0.3,10.0.0.4,0,0,ICMP,64
1765271875.9141805,10.0.0.1,10.0.0.2,40000,80,TCP,1187
1765271875.995333,10.0.0.1,10.0.0.2,40000,80,TCP,1128
1765271876.0021105,10.0.0.3,10.0.0.4,0,0,ICMP,64
1765271876.0763705,10.0.0.1,10.0.0.2,40000,80,TCP,717
1765271876.078829,10.0.0.1,10.0.0.2,40000,80,TCP,1345
1765271876.115164,10.0.0.1,10.0.0.2,40000,80,TCP,435
1765271876.1220102,10.0.0.1,10.0.0.2,40000,80,TCP,1485
1765271876.127877,10.0.0.1,10.0.0.2,40000,80,TCP,651
1765271876.1305456,10.0.0.3,10.0.0.4,0,0,ICMP,64
1765271876.1410263,10.0.0.1,10.0.0.2,40000,80,TCP,545
1765271876.1441882,10.0.0.1,10.0.0.2,40000,80,TCP,1395
1765271876.150056,10.0.0.3,10.0.0.4,0,0,ICMP,64
1765271876.157812,10.0.0.1,10.0.0.2,40000,80,TCP,1209
1765271876.1722188,10.0.0.3,10.0.0.4,0,0,ICMP,64
1765271876.1995945,10.0.0.1,10.0.0.2,40000,80,TCP,1272
1765271876.2022426,10.0.0.1,10.0.0.2,40000,80,TCP,519
1765271876.2166817,10.0.0.1,10.0.0.2,40000,80,TCP,1228
1765271876.2627,10.0.0.1,10.0.0.2,40000,80,TCP,1090
1765271876.2656481,10.0.0.1,10.0.0.2,40000,80,TCP,170
1765271876.2805529,10.0.0.1,10.0.0.2,40000,80,TCP,1414
1765271876.3266876,10.0.0.1,10.0.0.2,40000,80,TCP,1045
1765271876.332239,10.0.0.1,10.0.0.2,40000,80,TCP,595
1765271876.3803093,10.0.0.1,10.0.0.2,40000,80,TCP,1028
1765271876.3829722,10.0.0.1,10.0.0.2,40000,80,TCP,1446
1765271876.3970332,10.0.0.1,10.0.0.2,40000,80,TCP,769
1765271876.3986726,10.0.0.1,10.0.0.2,40000,80,TCP,398
1765271876.4220212,10.0.0.1,10.0.0.2,40000,80,TCP,1022
1765271876.4304433,10.0.0.1,10.0.0.2,40000,80,TCP,1341
1765271876.4339268,10.0.0.1,10.0.0.2,40000,80,TCP,1121
1765271876.4421403,10.0.0.1,10.0.0.2,40000,80,TCP,340
1765271876.456311,10.0.0.1,10.0.0.2,40000,80,TCP,639
1765271876.4568448,10.0.0.1,10.0.0.2,40000,80,TCP,1226
1765271876.541699,10.0.0.3,10.0.0.4,0,0,ICMP,64
1765271876.5627954,10.0.0.1,10.0.0.2,40000,80,TCP,1181
1765271876.5628405,10.0.0.1,10.0.0.2,40000,80,TCP,776
1765271876.5842726,10.0.0.1,10.0.0.2,40000,80,TCP,1174
1765271876.5860014,10.0.0.1,10.0.0.2,40000,80,TCP,927
1765271876.662477,10.0.0.3,10.0.0.4,0,0,ICMP,64
1765271876.6836483,10.0.0.3,10.0.0.4,0,0,ICMP,64
1765271876.6969817,10.0.0.1,10.0.0.2,40000,80,TCP,685
1765271876.7125416,10.0.0.1,10.0.0.2,40000,80,TCP,381
1765271876.7335274,10.0.0.1,10.0.0.2,40000,80,TCP,563
1765271876.743047,10.0.0.1,10.0.0.2,40000,80,TCP,1269
1765271876.7452924,10.0.0.1,10.0.0.2,40000,80,TCP,572
1765271876.7678685,10.0.0.1,10.0.0.2,40000,80,TCP,1351
1765271876.7961361,10.0.0.3,10.0.0.4,0,0,ICMP,64
1765271876.8869882,10.0.0.1,10.0.0.2,40000,80,TCP,1105
1765271876.9205341,10.0.0.3,10.0.0.4,0,0,ICMP,64
1765271876.9398205,10.0.0.3,10.0.0.4,0,0,ICMP,64
1765271876.9576385,10.0.0.1,10.0.0.2,40000,80,TCP,1177
1765271876.9603186,10.0.0.3,10.0.0.4,0,0,ICMP,64
1765271877.0128086,10.0.0.1,10.0.0.2,40000,80,TCP,1025
1765271877.018056,10.0.0.1,10.0.0.2,40000,80,TCP,1219
1765271877.035894,10.0.0.1,10.0.0.2,40000,80,TCP,678
1765271877.0520718,10.0.0.1,10.0.0.2,40000,80,TCP,201
1765271877.065378,10.0.0.1,10.0.0.2,40000,80,TCP,119
1765271877.0672414,10.0.0.1,10.0.0.2,40000,80,TCP,1300
1765271877.1033044,10.0.0.1,10.0.0.2,40000,80,TCP,1425
1765271877.1198447,10.0.0.1,10.0.0.2,40000,80,TCP,123
1765271877.1466334,10.0.0.1,10.0.0.2,40000,80,TCP,1268
1765271877.1533856,10.0.0.1,10.0.0.2,40000,80,TCP,936
1765271877.2476075,10.0.0.1,10.0.0.2,40000,80,TCP,776
1765271877.3043618,10.0.0.3,10.0.0.4,0,0,ICMP,64
1765271877.4037209,10.0.0.1,10.0.0.2,40000,80,TCP,1464
1765271877.4072797,10.0.0.1,10.0.0.2,40000,80,TCP,1086
1765271877.4155097,10.0.0.1,10.0.0.2,40000,80,TCP,697
1765271877.4361038,10.0.0.3,10.0.0.4,0,0,ICMP,64
1765271877.4556208,10.0.0.3,10.0.0.4,0,0,ICMP,64
1765271877.509131,10.0.0.1,10.0.0.2,40000,80,TCP,473
1765271877.523478,10.0.0.1,10.0.0.2,40000,80,TCP,501
1765271877.5585384,10.0.0.1,10.0.0.2,40000,80,TCP,662
1765271877.5700374,10.0.0.3,10.0.0.4,0,0,ICMP,64
1765271877.6551006,10.0.0.1,10.0.0.2,40000,80,TCP,1497
1765271877.6944168,10.0.0.3,10.0.0.4,0,0,ICMP,64
1765271877.714282,10.0.0.3,10.0.0.4,0,0,ICMP,64
1765271877.7175195,10.0.0.1,10.0.0.2,40000,80,TCP,1406
1765271877.7242389,10.0.0.1,10.0.0.2,40000,80,TCP,915
1765271877.7269344,10.0.0.1,10.0.0.2,40000,80,TCP,255
1765271877.7337654,10.0.0.3,10.0.0.4,0,0,ICMP,64
1765271877.7446356,10.0.0.1,10.0.0.2,40000,80,TCP,383
1765271877.84074,10.0.0.1,10.0.0.2,40000,80,TCP,62
1765271877.8709352,10.0.0.1,10.0.0.2,40000,80,TCP,930
1765271878.16164,10.0.0.3,10.0.0.4,0,0,ICMP,64
1765271878.2276957,10.0.0.1,10.0.0.2,40000,80,TCP,253
1765271878.2409515,10.0.0.1,10.0.0.2,40000,80,TCP,1146
1765271878.2733765,10.0.0.1,10.0.0.2,40000,80,TCP,933
1765271878.2894256,10.0.0.3,10.0.0.4,0,0,ICMP,64
1765271878.309137,10.0.0.3,10.0.0.4,0,0,ICMP,64
1765271878.3236332,10.0.0.1,10.0.0.2,40000,80,TCP,735
1765271878.3380065,10.0.0.1,10.0.0.2,40000,80,TCP,1217
1765271878.3445125,10.0.0.1,10.0.0.2,40000,80,TCP,1002
1765271878.3634782,10.0.0.1,10.0.0.2,40000,80,TCP,1288
1765271878.3738096,10.0.0.1,10.0.0.2,40000,80,TCP,1394
1765271878.4087794,10.0.0.1,10.0.0.2,40000,80,TCP,274
1765271878.4275486,10.0.0.1,10.0.0.2,40000,80,TCP,1083
1765271878.4317412,10.0.0.3,10.0.0.4,0,0,ICMP,64
1765271878.4349568,10.0.0.1,10.0.0.2,40000,80,TCP,598
1765271878.4536734,10.0.0.1,10.0.0.2,40000,80,TCP,695
1765271878.5458655,10.0.0.3,10.0.0.4,0,0,ICMP,64
1765271878.5676959,10.0.0.3,10.0.0.4,0,0,ICMP,64
1765271878.583974,10.0.0.1,10.0.0.2,40000,80,TCP,150
1765271878.5870996,10.0.0.3,10.0.0.4,0,0,ICMP,64
1765271878.6231203,10.0.0.1,10.0.0.2,40000,80,TCP,596
1765271878.635586,10.0.0.1,10.0.0.2,40000,80,TCP,482
1765271878.7088144,10.0.0.1,10.0.0.2,40000,80,TCP,861
1765271878.7732213,10.0.0.1,10.0.0.2,40000,80,TCP,510
1765271878.7807646,10.0.0.1,10.0.0.2,40000,80,TCP,473
1765271878.894361,10.0.0.1,10.0.0.2,40000,80,TCP,433
1765271878.8984792,10.0.0.1,10.0.0.2,40000,80,TCP,1403
1765271878.9029434,10.0.0.1,10.0.0.2,40000,80,TCP,256
1765271878.9043715,10.0.0.1,10.0.0.2,40000,80,TCP,852
1765271878.9140444,10.0.0.1,10.0.0.2,40000,80,TCP,1137
1765271878.9178038,10.0.0.3,10.0.0.4,0,0,ICMP,64
1765271878.944734,10.0.0.1,10.0.0.2,40000,80,TCP,1205
1765271878.9664116,10.0.0.1,10.0.0.2,40000,80,TCP,1209
1765271879.0339072,10.0.0.3,10.0.0.4,0,0,ICMP,64
1765271879.0544922,10.0.0.3,10.0.0.4,0,0,ICMP,64
1765271879.1128957,10.0.0.1,10.0.0.2,40000,80,TCP,1134
1765271879.1411426,10.0.0.1,10.0.0.2,40000,80,TCP,1470
1765271879.1510556,10.0.0.1,10.0.0.2,40000,80,TCP,993
1765271879.1803615,10.0.0.3,10.0.0.4,0,0,ICMP,64
1765271879.2977126,10.0.0.1,10.0.0.2,40000,80,TCP,1229
1765271879.2999144,10.0.0.3,10.0.0.4,0,0,ICMP,64
1765271879.3099134,10.0.0.1,10.0.0.2,40000,80,TCP,669
1765271879.320584,10.0.0.3,10.0.0.4,0,0,ICMP,64
1765271879.3217,10.0.0.1,10.0.0.2,40000,80,TCP,96
1765271879.340078,10.0.0.3,10.0.0.4,0,0,ICMP,64
1765271879.4647439,10.0.0.1,10.0.0.2,40000,80,TCP,1399
1765271879.5013208,10.0.0.1,10.0.0.2,40000,80,TCP,546
1765271879.5090704,10.0.0.1,10.0.0.2,40000,80,TCP,580
1765271879.5345314,10.0.0.1,10.0.0.2,40000,80,TCP,492
1765271879.5844662,10.0.0.1,10.0.0.2,40000,80,TCP,1366
1765271879.6071978,10.0.0.1,10.0.0.2,40000,80,TCP,1066
1765271879.6228304,10.0.0.1,10.0.0.2,40000,80,TCP,560
1765271879.6349301,10.0.0.1,10.0.0.2,40000,80,TCP,908
1765271879.6421037,10.0.0.1,10.0.0.2,40000,80,TCP,167
1765271879.7213902,10.0.0.1,10.0.0.2,40000,80,TCP,1062
1765271879.7628577,10.0.0.1,10.0.0.2,40000,80,TCP,1044
1765271879.7807012,10.0.0.1,10.0.0.2,40000,80,TCP,78
1765271879.8179266,10.0.0.1,10.0.0.2,40000,80,TCP,183
1765271879.819473,10.0.0.1,10.0.0.2,40000,80,TCP,326
