ts,src,dst,sport,dport,proto,length,flow,ipd
1765271845.9947536,10.0.0.1,10.0.0.2,40000,80,TCP,1353,10.0.0.1_10.0.0.2_TCP,0.0
1765271846.0114129,10.0.0.1,10.0.0.2,40000,80,TCP,433,10.0.0.1_10.0.0.2_TCP,0.016659259796142578
1765271846.0251057,10.0.0.1,10.0.0.2,40000,80,TCP,1171,10.0.0.1_10.0.0.2_TCP,0.013692855834960938
1765271846.0340967,10.0.0.1,10.0.0.2,40000,80,TCP,443,10.0.0.1_10.0.0.2_TCP,0.008991003036499023
1765271846.057808,10.0.0.1,10.0.0.2,40000,80,TCP,699,10.0.0.1_10.0.0.2_TCP,0.023711204528808594
1765271846.0658612,10.0.0.1,10.0.0.2,40000,80,TCP,870,10.0.0.1_10.0.0.2_TCP,0.008053302764892578
1765271846.0672245,10.0.0.1,10.0.0.2,40000,80,TCP,423,10.0.0.1_10.0.0.2_TCP,0.0013632774353027344
1765271846.1327813,10.0.0.1,10.0.0.2,40000,80,TCP,1036,10.0.0.1_10.0.0.2_TCP,0.06555676460266113
1765271846.1452625,10.0.0.1,10.0.0.2,40000,80,TCP,413,10.0.0.1_10.0.0.2_TCP,0.012481212615966797
1765271846.147999,10.0.0.1,10.0.0.2,40000,80,TCP,188,10.0.0.1_10.0.0.2_TCP,0.0027365684509277344
1765271846.1666803,10.0.0.1,10.0.0.2,40000,80,TCP,629,10.0.0.1_10.0.0.2_TCP,0.01868128776550293
1765271846.2297451,10.0.0.1,10.0.0.2,40000,80,TCP,74,10.0.0.1_10.0.0.2_TCP,0.0630648136138916
1765271846.3053305,10.0.0.1,10.0.0.2,40000,80,TCP,1392,10.0.0.1_10.0.0.2_TCP,0.07558536529541016
1765271846.3112185,10.0.0.1,10.0.0.2,40000,80,TCP,1312,10.0.0.1_10.0.0.2_TCP,0.0058879852294921875
1765271846.3296652,10.0.0.1,10.0.0.2,40000,80,TCP,663,10.0.0.1_10.0.0.2_TCP,0.018446683883666992
1765271846.3821287,10.0.0.1,10.0.0.2,40000,80,TCP,1006,10.0.0.1_10.0.0.2_TCP,0.052463531494140625
1765271846.4133096,10.0.0.1,10.0.0.2,40000,80,TCP,541,10.0.0.1_10.0.0.2_TCP,0.031180858612060547
1765271846.4258332,10.0.0.1,10.0.0.2,40000,80,TCP,1464,10.0.0.1_10.0.0.2_TCP,0.012523651123046875
1765271846.4591184,10.0.0.1,10.0.0.2,40000,80,TCP,980,10.0.0.1_10.0.0.2_TCP,0.03328514099121094
1765271846.4856768,10.0.0.1,10.0.0.2,40000,80,TCP,667,10.0.0.1_10.0.0.2_TCP,0.026558399200439453
1765271846.5036385,10.0.0.1,10.0.0.2,40000,80,TCP,966,10.0.0.1_10.0.0.2_TCP,0.017961740493774414
1765271846.519749,10.0.0.1,10.0.0.2,40000,80,TCP,261,10.0.0.1_10.0.0.2_TCP,0.01611042022705078
1765271846.520908,10.0.0.1,10.0.0.2,40000,80,TCP,575,10.0.0.1_10.0.0.2_TCP,0.0011591911315917969
1765271846.5959425,10.0.0.1,10.0.0.2,40000,80,TCP,1394,10.0.0.1_10.0.0.2_TCP,0.07503437995910645
1765271846.596928,10.0.0.1,10.0.0.2,40000,80,TCP,1458,10.0.0.1_10.0.0.2_TCP,0.0009853839874267578
1765271846.599443,10.0.0.1,10.0.0.2,40000,80,TCP,318,10.0.0.1_10.0.0.2_TCP,0.002515077590942383
1765271846.660973,10.0.0.1,10.0.0.2,40000,80,TCP,1301,10.0.0.1_10.0.0.2_TCP,0.061530113220214844
1765271846.6638503,10.0.0.1,10.0.0.2,40000,80,TCP,71,10.0.0.1_10.0.0.2_TCP,0.0028772354125976562
1765271846.7224965,10.0.0.1,10.0.0.2,40000,80,TCP,567,10.0.0.1_10.0.0.2_TCP,0.058646202087402344
1765271846.7384036,10.0.0.1,10.0.0.2,40000,80,TCP,1215,10.0.0.1_10.0.0.2_TCP,0.01590704917907715
1765271846.7388449,10.0.0.1,10.0.0.2,40000,80,TCP,1123,10.0.0.1_10.0.0.2_TCP,0.0004413127899169922
1765271846.7396026,10.0.0.1,10.0.0.2,40000,80,TCP,1113,10.0.0.1_10.0.0.2_TCP,0.0007576942443847656
1765271846.7651448,10.0.0.1,10.0.0.2,40000,80,TCP,1379,10.0.0.1_10.0.0.2_TCP,0.025542259216308594
1765271846.800037,10.0.0.1,10.0.0.2,40000,80,TCP,1466,10.0.0.1_10.0.0.2_TCP,0.03489208221435547
1765271846.8709688,10.0.0.1,10.0.0.2,40000,80,TCP,279,10.0.0.1_10.0.0.2_TCP,0.07093191146850586
1765271846.8787882,10.0.0.1,10.0.0.2,40000,80,TCP,556,10.0.0.1_10.0.0.2_TCP,0.007819414138793945
1765271846.935424,10.0.0.1,10.0.0.2,40000,80,TCP,1118,10.0.0.1_10.0.0.2_TCP,0.05663585662841797
1765271846.9585793,10.0.0.1,10.0.0.2,40000,80,TCP,1019,10.0.0.1_10.0.0.2_TCP,0.02315521240234375
1765271846.981786,10.0.0.1,10.0.0.2,40000,80,TCP,935,10.0.0.1_10.0.0.2_TCP,0.023206710815429688
1765271846.9861195,10.0.0.1,10.0.0.2,40000,80,TCP,494,10.0.0.1_10.0.0.2_TCP,0.00433349609375
1765271846.989588,10.0.0.1,10.0.0.2,40000,80,TCP,1395,10.0.0.1_10.0.0.2_TCP,0.0034685134887695312
1765271846.9909508,10.0.0.1,10.0.0.2,40000,80,TCP,256,10.0.0.1_10.0.0.2_TCP,0.0013628005981445312
1765271847.0051484,10.0.0.1,10.0.0.2,40000,80,TCP,1420,10.0.0.1_10.0.0.2_TCP,0.014197587966918945
1765271847.009725,10.0.0.1,10.0.0.2,40000,80,TCP,1468,10.0.0.1_10.0.0.2_TCP,0.004576683044433594
1765271847.1095564,10.0.0.1,10.0.0.2,40000,80,TCP,1332,10.0.0.1_10.0.0.2_TCP,0.09983134269714355
1765271847.1129043,10.0.0.1,10.0.0.2,40000,80,TCP,1472,10.0.0.1_10.0.0.2_TCP,0.0033478736877441406
1765271847.156243,10.0.0.1,10.0.0.2,40000,80,TCP,1442,10.0.0.1_10.0.0.2_TCP,0.043338775634765625
1765271847.1900606,10.0.0.1,10.0.0.2,40000,80,TCP,201,10.0.0.1_10.0.0.2_TCP,0.03381752967834473
1765271847.2166536,10.0.0.1,10.0.0.2,40000,80,TCP,581,10.0.0.1_10.0.0.2_TCP,0.02659296989440918
1765271847.2227116,10.0.0.1,10.0.0.2,40000,80,TCP,726,10.0.0.1_10.0.0.2_TCP,0.0060579776763916016
1765271847.2720172,10.0.0.1,10.0.0.2,40000,80,TCP,1006,10.0.0.1_10.0.0.2_TCP,0.04930567741394043
1765271847.3297057,10.0.0.1,10.0.0.2,40000,80,TCP,1485,10.0.0.1_10.0.0.2_TCP,0.05768847465515137
1765271847.364593,10.0.0.1,10.0.0.2,40000,80,TCP,1012,10.0.0.1_10.0.0.2_TCP,0.03488731384277344
1765271847.3884175,10.0.0.1,10.0.0.2,40000,80,TCP,124,10.0.0.1_10.0.0.2_TCP,0.023824453353881836
1765271847.427327,10.0.0.1,10.0.0.2,40000,80,TCP,1473,10.0.0.1_10.0.0.2_TCP,0.0389094352722168
1765271847.4454465,10.0.0.1,10.0.0.2,40000,80,TCP,679,10.0.0.1_10.0.0.2_TCP,0.01811957359313965
1765271847.462567,10.0.0.1,10.0.0.2,40000,80,TCP,983,10.0.0.1_10.0.0.2_TCP,0.0171205997467041
1765271847.4759102,10.0.0.1,10.0.0.2,40000,80,TCP,911,10.0.0.1_10.0.0.2_TCP,0.013343095779418945
1765271847.5130074,10.0.0.1,10.0.0.2,40000,80,TCP,756,10.0.0.1_10.0.0.2_TCP,0.03709721565246582
1765271847.5238447,10.0.0.1,10.0.0.2,40000,80,TCP,1113,10.0.0.1_10.0.0.2_TCP,0.010837316513061523
1765271847.5327504,10.0.0.1,10.0.0.2,40000,80,TCP,972,10.0.0.1_10.0.0.2_TCP,0.008905649185180664
1765271847.545077,10.0.0.1,10.0.0.2,40000,80,TCP,107,10.0.0.1_10.0.0.2_TCP,0.012326717376708984
1765271847.5782027,10.0.0.1,10.0.0.2,40000,80,TCP,768,10.0.0.1_10.0.0.2_TCP,0.03312563896179199
1765271847.6011753,10.0.0.1,10.0.0.2,40000,80,TCP,1076,10.0.0.1_10.0.0.2_TCP,0.022972583770751953
1765271847.620108,10.0.0.1,10.0.0.2,40000,80,TCP,635,10.0.0.1_10.0.0.2_TCP,0.018932580947875977
1765271847.643565,10.0.0.1,10.0.0.2,40000,80,TCP,523,10.0.0.1_10.0.0.2_TCP,0.023457050323486328
1765271847.671088,10.0.0.1,10.0.0.2,40000,80,TCP,737,10.0.0.1_10.0.0.2_TCP,0.027523040771484375
1765271847.6776078,10.0.0.1,10.0.0.2,40000,80,TCP,359,10.0.0.1_10.0.0.2_TCP,0.006519794464111328
1765271847.7656338,10.0.0.1,10.0.0.2,40000,80,TCP,159,10.0.0.1_10.0.0.2_TCP,0.08802604675292969
1765271847.768673,10.0.0.1,10.0.0.2,40000,80,TCP,1439,10.0.0.1_10.0.0.2_TCP,0.003039121627807617
1765271847.8448465,10.0.0.1,10.0.0.2,40000,80,TCP,209,10.0.0.1_10.0.0.2_TCP,0.07617354393005371
1765271847.8636467,10.0.0.1,10.0.0.2,40000,80,TCP,856,10.0.0.1_10.0.0.2_TCP,0.01880025863647461
1765271847.8790698,10.0.0.1,10.0.0.2,40000,80,TCP,1470,10.0.0.1_10.0.0.2_TCP,0.015423059463500977
1765271847.9183614,10.0.0.1,10.0.0.2,40000,80,TCP,1413,10.0.0.1_10.0.0.2_TCP,0.0392916202545166
1765271847.923767,10.0.0.1,10.0.0.2,40000,80,TCP,115,10.0.0.1_10.0.0.2_TCP,0.0054056644439697266
1765271847.9597874,10.0.0.1,10.0.0.2,40000,80,TCP,1459,10.0.0.1_10.0.0.2_TCP,0.03602027893066406
1765271847.983232,10.0.0.1,10.0.0.2,40000,80,TCP,1461,10.0.0.1_10.0.0.2_TCP,0.023444652557373047
1765271847.9901447,10.0.0.1,10.0.0.2,40000,80,TCP,249,10.0.0.1_10.0.0.2_TCP,0.006912708282470703
1765271847.9998004,10.0.0.1,10.0.0.2,40000,80,TCP,861,10.0.0.1_10.0.0.2_TCP,0.00965571403503418
1765271848.0678823,10.0.0.1,10.0.0.2,40000,80,TCP,274,10.0.0.1_10.0.0.2_TCP,0.06808185577392578
1765271848.1149018,10.0.0.1,10.0.0.2,40000,80,TCP,1396,10.0.0.1_10.0.0.2_TCP,0.04701948165893555
1765271848.30576,10.0.0.1,10.0.0.2,40000,80,TCP,416,10.0.0.1_10.0.0.2_TCP,0.1908581256866455
1765271848.3682065,10.0.0.1,10.0.0.2,40000,80,TCP,548,10.0.0.1_10.0.0.2_TCP,0.06244659423828125
1765271848.3735363,10.0.0.1,10.0.0.2,40000,80,TCP,101,10.0.0.1_10.0.0.2_TCP,0.00532984733581543
1765271848.3810475,10.0.0.1,10.0.0.2,40000,80,TCP,1067,10.0.0.1_10.0.0.2_TCP,0.007511138916015625
1765271848.41377,10.0.0.1,10.0.0.2,40000,80,TCP,1490,10.0.0.1_10.0.0.2_TCP,0.03272247314453125
1765271848.4733903,10.0.0.1,10.0.0.2,40000,80,TCP,176,10.0.0.1_10.0.0.2_TCP,0.05962038040161133
1765271848.5522096,10.0.0.1,10.0.0.2,40000,80,TCP,535,10.0.0.1_10.0.0.2_TCP,0.07881927490234375
1765271848.5807674,10.0.0.1,10.0.0.2,40000,80,TCP,229,10.0.0.1_10.0.0.2_TCP,0.028557777404785156
1765271848.597473,10.0.0.1,10.0.0.2,40000,80,TCP,367,10.0.0.1_10.0.0.2_TCP,0.01670551300048828
1765271848.698771,10.0.0.1,10.0.0.2,40000,80,TCP,1239,10.0.0.1_10.0.0.2_TCP,0.10129809379577637
1765271848.7231133,10.0.0.1,10.0.0.2,40000,80,TCP,1325,10.0.0.1_10.0.0.2_TCP,0.02434229850769043
1765271848.7730634,10.0.0.1,10.0.0.2,40000,80,TCP,814,10.0.0.1_10.0.0.2_TCP,0.04995012283325195
1765271848.8664868,10.0.0.1,10.0.0.2,40000,80,TCP,798,10.0.0.1_10.0.0.2_TCP,0.09342336654663086
1765271848.8820071,10.0.0.1,10.0.0.2,40000,80,TCP,1445,10.0.0.1_10.0.0.2_TCP,0.015520334243774414
1765271848.9272726,10.0.0.1,10.0.0.2,40000,80,TCP,750,10.0.0.1_10.0.0.2_TCP,0.04526543617248535
1765271849.0011244,10.0.0.1,10.0.0.2,40000,80,TCP,1046,10.0.0.1_10.0.0.2_TCP,0.0738518238067627
1765271849.02816,10.0.0.1,10.0.0.2,40000,80,TCP,991,10.0.0.1_10.0.0.2_TCP,0.02703571319580078
1765271849.0350623,10.0.0.1,10.0.0.2,40000,80,TCP,549,10.0.0.1_10.0.0.2_TCP,0.006902217864990234
1765271849.059298,10.0.0.1,10.0.0.2,40000,80,TCP,696,10.0.0.1_10.0.0.2_TCP,0.02423572540283203
1765271849.0753272,10.0.0.1,10.0.0.2,40000,80,TCP,901,10.0.0.1_10.0.0.2_TCP,0.01602911949157715
1765271849.0804615,10.0.0.1,10.0.0.2,40000,80,TCP,584,10.0.0.1_10.0.0.2_TCP,0.0051343441009521484
1765271849.0918372,10.0.0.1,10.0.0.2,40000,80,TCP,1368,10.0.0.1_10.0.0.2_TCP,0.011375665664672852
1765271849.1071026,10.0.0.1,10.0.0.2,40000,80,TCP,127,10.0.0.1_10.0.0.2_TCP,0.015265464782714844
1765271849.1249917,10.0.0.1,10.0.0.2,40000,80,TCP,1457,10.0.0.1_10.0.0.2_TCP,0.017889022827148438
1765271849.1833484,10.0.0.1,10.0.0.2,40000,80,TCP,512,10.0.0.1_10.0.0.2_TCP,0.05835676193237305
1765271849.3246734,10.0.0.1,10.0.0.2,40000,80,TCP,427,10.0.0.1_10.0.0.2_TCP,0.1413249969482422
1765271849.3462422,10.0.0.1,10.0.0.2,40000,80,TCP,370,10.0.0.1_10.0.0.2_TCP,0.021568775177001953
1765271849.448425,10.0.0.1,10.0.0.2,40000,80,TCP,1275,10.0.0.1_10.0.0.2_TCP,0.10218286514282227
1765271849.4495332,10.0.0.1,10.0.0.2,40000,80,TCP,742,10.0.0.1_10.0.0.2_TCP,0.0011081695556640625
1765271849.454397,10.0.0.1,10.0.0.2,40000,80,TCP,1458,10.0.0.1_10.0.0.2_TCP,0.004863739013671875
1765271849.5467143,10.0.0.1,10.0.0.2,40000,80,TCP,1084,10.0.0.1_10.0.0.2_TCP,0.09231734275817871
1765271849.572626,10.0.0.1,10.0.0.2,40000,80,TCP,1193,10.0.0.1_10.0.0.2_TCP,0.025911808013916016
1765271849.596255,10.0.0.1,10.0.0.2,40000,80,TCP,1332,10.0.0.1_10.0.0.2_TCP,0.023628950119018555
1765271849.6551728,10.0.0.1,10.0.0.2,40000,80,TCP,399,10.0.0.1_10.0.0.2_TCP,0.05891776084899902
1765271849.682826,10.0.0.1,10.0.0.2,40000,80,TCP,1469,10.0.0.1_10.0.0.2_TCP,0.027653217315673828
1765271849.697445,10.0.0.1,10.0.0.2,40000,80,TCP,1255,10.0.0.1_10.0.0.2_TCP,0.014618873596191406
1765271849.7678795,10.0.0.1,10.0.0.2,40000,80,TCP,506,10.0.0.1_10.0.0.2_TCP,0.0704345703125
1765271849.8234992,10.0.0.1,10.0.0.2,40000,80,TCP,145,10.0.0.1_10.0.0.2_TCP,0.05561971664428711
1765271849.846687,10.0.0.1,10.0.0.2,40000,80,TCP,1002,10.0.0.1_10.0.0.2_TCP,0.023187875747680664
1765271849.895869,10.0.0.1,10.0.0.2,40000,80,TCP,76,10.0.0.1_10.0.0.2_TCP,0.04918193817138672
1765271849.9014575,10.0.0.1,10.0.0.2,40000,80,TCP,500,10.0.0.1_10.0.0.2_TCP,0.005588531494140625
1765271849.9113595,10.0.0.1,10.0.0.2,40000,80,TCP,1378,10.0.0.1_10.0.0.2_TCP,0.009902000427246094
1765271849.9166667,10.0.0.1,10.0.0.2,40000,80,TCP,724,10.0.0.1_10.0.0.2_TCP,0.005307197570800781
1765271849.9698896,10.0.0.1,10.0.0.2,40000,80,TCP,596,10.0.0.1_10.0.0.2_TCP,0.0532228946685791
1765271849.97117,10.0.0.1,10.0.0.2,40000,80,TCP,1182,10.0.0.1_10.0.0.2_TCP,0.0012803077697753906
1765271850.0019,10.0.0.1,10.0.0.2,40000,80,TCP,503,10.0.0.1_10.0.0.2_TCP,0.030730009078979492
1765271850.1045551,10.0.0.1,10.0.0.2,40000,80,TCP,420,10.0.0.1_10.0.0.2_TCP,0.10265517234802246
1765271850.1062474,10.0.0.1,10.0.0.2,40000,80,TCP,772,10.0.0.1_10.0.0.2_TCP,0.0016922950744628906
1765271850.1083572,10.0.0.1,10.0.0.2,40000,80,TCP,945,10.0.0.1_10.0.0.2_TCP,0.0021097660064697266
1765271850.126236,10.0.0.1,10.0.0.2,40000,80,TCP,950,10.0.0.1_10.0.0.2_TCP,0.01787877082824707
1765271850.1327484,10.0.0.1,10.0.0.2,40000,80,TCP,601,10.0.0.1_10.0.0.2_TCP,0.00651240348815918
1765271850.2149465,10.0.0.1,10.0.0.2,40000,80,TCP,1411,10.0.0.1_10.0.0.2_TCP,0.0821981430053711
1765271850.2613702,10.0.0.1,10.0.0.2,40000,80,TCP,1192,10.0.0.1_10.0.0.2_TCP,0.04642367362976074
1765271850.2649148,10.0.0.1,10.0.0.2,40000,80,TCP,666,10.0.0.1_10.0.0.2_TCP,0.0035445690155029297
1765271850.282541,10.0.0.1,10.0.0.2,40000,80,TCP,568,10.0.0.1_10.0.0.2_TCP,0.017626285552978516
1765271850.284847,10.0.0.1,10.0.0.2,40000,80,TCP,307,10.0.0.1_10.0.0.2_TCP,0.0023059844970703125
1765271850.2992866,10.0.0.1,10.0.0.2,40000,80,TCP,629,10.0.0.1_10.0.0.2_TCP,0.014439582824707031
1765271850.3439374,10.0.0.1,10.0.0.2,40000,80,TCP,1153,10.0.0.1_10.0.0.2_TCP,0.04465079307556152
1765271850.3508103,10.0.0.1,10.0.0.2,40000,80,TCP,205,10.0.0.1_10.0.0.2_TCP,0.006872892379760742
1765271850.353375,10.0.0.1,10.0.0.2,40000,80,TCP,906,10.0.0.1_10.0.0.2_TCP,0.002564668655395508
1765271850.4068084,10.0.0.1,10.0.0.2,40000,80,TCP,83,10.0.0.1_10.0.0.2_TCP,0.05343341827392578
1765271850.601442,10.0.0.1,10.0.0.2,40000,80,TCP,867,10.0.0.1_10.0.0.2_TCP,0.19463372230529785
1765271850.6650386,10.0.0.1,10.0.0.2,40000,80,TCP,481,10.0.0.1_10.0.0.2_TCP,0.06359648704528809
1765271850.6906767,10.0.0.1,10.0.0.2,40000,80,TCP,1180,10.0.0.1_10.0.0.2_TCP,0.025638103485107422
1765271850.7123356,10.0.0.1,10.0.0.2,40000,80,TCP,1303,10.0.0.1_10.0.0.2_TCP,0.021658897399902344
1765271850.7159214,10.0.0.1,10.0.0.2,40000,80,TCP,1171,10.0.0.1_10.0.0.2_TCP,0.0035858154296875
1765271850.744681,10.0.0.1,10.0.0.2,40000,80,TCP,190,10.0.0.1_10.0.0.2_TCP,0.028759479522705078
1765271850.844077,10.0.0.1,10.0.0.2,40000,80,TCP,1077,10.0.0.1_10.0.0.2_TCP,0.0993962287902832
1765271850.845302,10.0.0.1,10.0.0.2,40000,80,TCP,1446,10.0.0.1_10.0.0.2_TCP,0.0012249946594238281
1765271850.9577878,10.0.0.1,10.0.0.2,40000,80,TCP,1095,10.0.0.1_10.0.0.2_TCP,0.11248564720153809
1765271850.9764478,10.0.0.1,10.0.0.2,40000,80,TCP,1441,10.0.0.1_10.0.0.2_TCP,0.01866006851196289
1765271850.9902222,10.0.0.1,10.0.0.2,40000,80,TCP,963,10.0.0.1_10.0.0.2_TCP,0.013774394989013672
1765271851.0196848,10.0.0.1,10.0.0.2,40000,80,TCP,754,10.0.0.1_10.0.0.2_TCP,0.029462575912475586
1765271851.0270994,10.0.0.1,10.0.0.2,40000,80,TCP,739,10.0.0.1_10.0.0.2_TCP,0.007414579391479492
1765271851.0667777,10.0.0.1,10.0.0.2,40000,80,TCP,348,10.0.0.1_10.0.0.2_TCP,0.039678335189819336
1765271851.1555638,10.0.0.1,10.0.0.2,40000,80,TCP,1449,10.0.0.1_10.0.0.2_TCP,0.08878612518310547
1765271851.2017386,10.0.0.1,10.0.0.2,40000,80,TCP,79,10.0.0.1_10.0.0.2_TCP,0.04617476463317871
1765271851.2277114,10.0.0.1,10.0.0.2,40000,80,TCP,736,10.0.0.1_10.0.0.2_TCP,0.025972843170166016
1765271851.248921,10.0.0.1,10.0.0.2,40000,80,TCP,358,10.0.0.1_10.0.0.2_TCP,0.0212094783782959
1765271851.348684,10.0.0.1,10.0.0.2,40000,80,TCP,600,10.0.0.1_10.0.0.2_TCP,0.09976315498352051
1765271851.3541465,10.0.0.1,10.0.0.2,40000,80,TCP,1212,10.0.0.1_10.0.0.2_TCP,0.0054624080657958984
1765271851.4033625,10.0.0.1,10.0.0.2,40000,80,TCP,1449,10.0.0.1_10.0.0.2_TCP,0.04921603202819824
1765271851.4711325,10.0.0.1,10.0.0.2,40000,80,TCP,130,10.0.0.1_10.0.0.2_TCP,0.06777000427246094
1765271851.529281,10.0.0.1,10.0.0.2,40000,80,TCP,1175,10.0.0.1_10.0.0.2_TCP,0.05814838409423828
1765271851.5329757,10.0.0.1,10.0.0.2,40000,80,TCP,220,10.0.0.1_10.0.0.2_TCP,0.003694772720336914
1765271851.5515385,10.0.0.1,10.0.0.2,40000,80,TCP,345,10.0.0.1_10.0.0.2_TCP,0.018562793731689453
1765271851.5705268,10.0.0.1,10.0.0.2,40000,80,TCP,688,10.0.0.1_10.0.0.2_TCP,0.018988370895385742
1765271851.5763984,10.0.0.1,10.0.0.2,40000,80,TCP,471,10.0.0.1_10.0.0.2_TCP,0.00587153434753418
1765271851.5768456,10.0.0.1,10.0.0.2,40000,80,TCP,1422,10.0.0.1_10.0.0.2_TCP,0.00044727325439453125
1765271851.5916812,10.0.0.1,10.0.0.2,40000,80,TCP,70,10.0.0.1_10.0.0.2_TCP,0.014835596084594727
1765271851.6038475,10.0.0.1,10.0.0.2,40000,80,TCP,1364,10.0.0.1_10.0.0.2_TCP,0.012166261672973633
1765271851.663548,10.0.0.1,10.0.0.2,40000,80,TCP,706,10.0.0.1_10.0.0.2_TCP,0.05970048904418945
1765271851.6903963,10.0.0.1,10.0.0.2,40000,80,TCP,855,10.0.0.1_10.0.0.2_TCP,0.026848316192626953
1765271851.7022426,10.0.0.1,10.0.0.2,40000,80,TCP,583,10.0.0.1_10.0.0.2_TCP,0.011846303939819336
1765271851.7145047,10.0.0.1,10.0.0.2,40000,80,TCP,930,10.0.0.1_10.0.0.2_TCP,0.012262105941772461
1765271851.7651722,10.0.0.1,10.0.0.2,40000,80,TCP,250,10.0.0.1_10.0.0.2_TCP,0.050667524337768555
1765271851.806769,10.0.0.1,10.0.0.2,40000,80,TCP,850,10.0.0.1_10.0.0.2_TCP,0.04159665107727051
1765271851.8204455,10.0.0.1,10.0.0.2,40000,80,TCP,1471,10.0.0.1_10.0.0.2_TCP,0.013676643371582031
1765271851.8515575,10.0.0.1,10.0.0.2,40000,80,TCP,1279,10.0.0.1_10.0.0.2_TCP,0.031111955642700195
1765271851.8580365,10.0.0.1,10.0.0.2,40000,80,TCP,924,10.0.0.1_10.0.0.2_TCP,0.006479024887084961
1765271851.9013455,10.0.0.1,10.0.0.2,40000,80,TCP,586,10.0.0.1_10.0.0.2_TCP,0.04330897331237793
1765271851.9125571,10.0.0.1,10.0.0.2,40000,80,TCP,1196,10.0.0.1_10.0.0.2_TCP,0.011211633682250977
1765271851.959077,10.0.0.1,10.0.0.2,40000,80,TCP,901,10.0.0.1_10.0.0.2_TCP,0.04651975631713867
1765271852.0982847,10.0.0.1,10.0.0.2,40000,80,TCP,969,10.0.0.1_10.0.0.2_TCP,0.1392078399658203
1765271852.1318202,10.0.0.1,10.0.0.2,40000,80,TCP,1465,10.0.0.1_10.0.0.2_TCP,0.03353548049926758
1765271852.1531131,10.0.0.1,10.0.0.2,40000,80,TCP,1377,10.0.0.1_10.0.0.2_TCP,0.021292924880981445
1765271852.1623442,10.0.0.1,10.0.0.2,40000,80,TCP,1465,10.0.0.1_10.0.0.2_TCP,0.009231090545654297
1765271852.183083,10.0.0.1,10.0.0.2,40000,80,TCP,931,10.0.0.1_10.0.0.2_TCP,0.020738840103149414
1765271852.2561214,10.0.0.1,10.0.0.2,40000,80,TCP,1345,10.0.0.1_10.0.0.2_TCP,0.07303833961486816
1765271852.2701197,10.0.0.1,10.0.0.2,40000,80,TCP,913,10.0.0.1_10.0.0.2_TCP,0.013998270034790039
1765271852.2801802,10.0.0.1,10.0.0.2,40000,80,TCP,167,10.0.0.1_10.0.0.2_TCP,0.010060548782348633
1765271852.2909057,10.0.0.1,10.0.0.2,40000,80,TCP,522,10.0.0.1_10.0.0.2_TCP,0.01072549819946289
1765271852.3071594,10.0.0.1,10.0.0.2,40000,80,TCP,839,10.0.0.1_10.0.0.2_TCP,0.01625370979309082
1765271852.3185625,10.0.0.1,10.0.0.2,40000,80,TCP,1251,10.0.0.1_10.0.0.2_TCP,0.011403083801269531
1765271852.3693614,10.0.0.1,10.0.0.2,40000,80,TCP,506,10.0.0.1_10.0.0.2_TCP,0.050798892974853516
1765271852.3810327,10.0.0.1,10.0.0.2,40000,80,TCP,512,10.0.0.1_10.0.0.2_TCP,0.011671304702758789
1765271852.4009297,10.0.0.1,10.0.0.2,40000,80,TCP,521,10.0.0.1_10.0.0.2_TCP,0.019896984100341797
1765271852.4485686,10.0.0.1,10.0.0.2,40000,80,TCP,1212,10.0.0.1_10.0.0.2_TCP,0.047638893127441406
1765271852.4701643,10.0.0.1,10.0.0.2,40000,80,TCP,340,10.0.0.1_10.0.0.2_TCP,0.02159571647644043
1765271852.502775,10.0.0.1,10.0.0.2,40000,80,TCP,159,10.0.0.1_10.0.0.2_TCP,0.03261065483093262
1765271852.5258164,10.0.0.1,10.0.0.2,40000,80,TCP,628,10.0.0.1_10.0.0.2_TCP,0.023041486740112305
1765271852.5321612,10.0.0.1,10.0.0.2,40000,80,TCP,1018,10.0.0.1_10.0.0.2_TCP,0.006344795227050781
1765271852.56658,10.0.0.1,10.0.0.2,40000,80,TCP,429,10.0.0.1_10.0.0.2_TCP,0.03441882133483887
1765271852.603012,10.0.0.1,10.0.0.2,40000,80,TCP,667,10.0.0.1_10.0.0.2_TCP,0.03643202781677246
1765271852.6563537,10.0.0.1,10.0.0.2,40000,80,TCP,326,10.0.0.1_10.0.0.2_TCP,0.05334162712097168
1765271852.7241678,10.0.0.1,10.0.0.2,40000,80,TCP,1405,10.0.0.1_10.0.0.2_TCP,0.06781411170959473
1765271852.7598994,10.0.0.1,10.0.0.2,40000,80,TCP,859,10.0.0.1_10.0.0.2_TCP,0.03573155403137207
1765271852.8298082,10.0.0.1,10.0.0.2,40000,80,TCP,472,10.0.0.1_10.0.0.2_TCP,0.06990885734558105
1765271852.838127,10.0.0.1,10.0.0.2,40000,80,TCP,431,10.0.0.1_10.0.0.2_TCP,0.008318662643432617
1765271852.888382,10.0.0.1,10.0.0.2,40000,80,TCP,1452,10.0.0.1_10.0.0.2_TCP,0.05025506019592285
1765271852.8916416,10.0.0.1,10.0.0.2,40000,80,TCP,511,10.0.0.1_10.0.0.2_TCP,0.0032596588134765625
1765271852.8943348,10.0.0.1,10.0.0.2,40000,80,TCP,999,10.0.0.1_10.0.0.2_TCP,0.00269317626953125
1765271852.9097042,10.0.0.1,10.0.0.2,40000,80,TCP,441,10.0.0.1_10.0.0.2_TCP,0.015369415283203125
1765271852.913901,10.0.0.1,10.0.0.2,40000,80,TCP,819,10.0.0.1_10.0.0.2_TCP,0.004196882247924805
1765271852.9256997,10.0.0.1,10.0.0.2,40000,80,TCP,1096,10.0.0.1_10.0.0.2_TCP,0.011798620223999023
1765271852.9334764,10.0.0.1,10.0.0.2,40000,80,TCP,1251,10.0.0.1_10.0.0.2_TCP,0.007776737213134766
1765271852.9800434,10.0.0.1,10.0.0.2,40000,80,TCP,224,10.0.0.1_10.0.0.2_TCP,0.04656696319580078
1765271853.1141944,10.0.0.1,10.0.0.2,40000,80,TCP,392,10.0.0.1_10.0.0.2_TCP,0.13415098190307617
1765271853.1348464,10.0.0.1,10.0.0.2,40000,80,TCP,1089,10.0.0.1_10.0.0.2_TCP,0.020652055740356445
1765271853.1840024,10.0.0.1,10.0.0.2,40000,80,TCP,1034,10.0.0.1_10.0.0.2_TCP,0.04915595054626465
1765271853.1877964,10.0.0.1,10.0.0.2,40000,80,TCP,818,10.0.0.1_10.0.0.2_TCP,0.003793954849243164
1765271853.2607188,10.0.0.1,10.0.0.2,40000,80,TCP,996,10.0.0.1_10.0.0.2_TCP,0.0729224681854248
1765271853.2751532,10.0.0.1,10.0.0.2,40000,80,TCP,1323,10.0.0.1_10.0.0.2_TCP,0.014434337615966797
1765271853.3188446,10.0.0.1,10.0.0.2,40000,80,TCP,1397,10.0.0.1_10.0.0.2_TCP,0.043691396713256836
1765271853.3357046,10.0.0.1,10.0.0.2,40000,80,TCP,667,10.0.0.1_10.0.0.2_TCP,0.016860008239746094
1765271853.3464954,10.0.0.1,10.0.0.2,40000,80,TCP,614,10.0.0.1_10.0.0.2_TCP,0.010790824890136719
1765271853.379618,10.0.0.1,10.0.0.2,40000,80,TCP,826,10.0.0.1_10.0.0.2_TCP,0.03312253952026367
1765271853.383067,10.0.0.1,10.0.0.2,40000,80,TCP,1053,10.0.0.1_10.0.0.2_TCP,0.003448963165283203
1765271853.3838289,10.0.0.1,10.0.0.2,40000,80,TCP,1453,10.0.0.1_10.0.0.2_TCP,0.0007619857788085938
1765271853.4057984,10.0.0.1,10.0.0.2,40000,80,TCP,186,10.0.0.1_10.0.0.2_TCP,0.02196955680847168
1765271853.459384,10.0.0.1,10.0.0.2,40000,80,TCP,465,10.0.0.1_10.0.0.2_TCP,0.05358552932739258
1765271853.5099075,10.0.0.1,10.0.0.2,40000,80,TCP,245,10.0.0.1_10.0.0.2_TCP,0.05052351951599121
1765271853.511985,10.0.0.1,10.0.0.2,40000,80,TCP,282,10.0.0.1_10.0.0.2_TCP,0.0020775794982910156
1765271853.5307915,10.0.0.1,10.0.0.2,40000,80,TCP,1043,10.0.0.1_10.0.0.2_TCP,0.01880645751953125
1765271853.532364,10.0.0.1,10.0.0.2,40000,80,TCP,358,10.0.0.1_10.0.0.2_TCP,0.0015723705291748047
1765271853.5447366,10.0.0.1,10.0.0.2,40000,80,TCP,122,10.0.0.1_10.0.0.2_TCP,0.012372732162475586
1765271853.548366,10.0.0.1,10.0.0.2,40000,80,TCP,1007,10.0.0.1_10.0.0.2_TCP,0.003629446029663086
1765271853.5597348,10.0.0.1,10.0.0.2,40000,80,TCP,1214,10.0.0.1_10.0.0.2_TCP,0.011368751525878906
1765271853.6125584,10.0.0.1,10.0.0.2,40000,80,TCP,1206,10.0.0.1_10.0.0.2_TCP,0.052823543548583984
1765271853.6126792,10.0.0.1,10.0.0.2,40000,80,TCP,72,10.0.0.1_10.0.0.2_TCP,0.00012087821960449219
1765271853.6143594,10.0.0.1,10.0.0.2,40000,80,TCP,308,10.0.0.1_10.0.0.2_TCP,0.001680135726928711
1765271853.631467,10.0.0.1,10.0.0.2,40000,80,TCP,1256,10.0.0.1_10.0.0.2_TCP,0.017107725143432617
1765271853.6368706,10.0.0.1,10.0.0.2,40000,80,TCP,667,10.0.0.1_10.0.0.2_TCP,0.0054035186767578125
1765271853.6536028,10.0.0.1,10.0.0.2,40000,80,TCP,651,10.0.0.1_10.0.0.2_TCP,0.016732215881347656
1765271853.6587982,10.0.0.1,10.0.0.2,40000,80,TCP,560,10.0.0.1_10.0.0.2_TCP,0.0051953792572021484
1765271853.692461,10.0.0.1,10.0.0.2,40000,80,TCP,1349,10.0.0.1_10.0.0.2_TCP,0.03366279602050781
1765271853.698296,10.0.0.1,10.0.0.2,40000,80,TCP,1137,10.0.0.1_10.0.0.2_TCP,0.005835056304931641
1765271853.8491397,10.0.0.1,10.0.0.2,40000,80,TCP,1341,10.0.0.1_10.0.0.2_TCP,0.15084362030029297
1765271853.8499663,10.0.0.1,10.0.0.2,40000,80,TCP,380,10.0.0.1_10.0.0.2_TCP,0.0008265972137451172
1765271853.858802,10.0.0.1,10.0.0.2,40000,80,TCP,1446,10.0.0.1_10.0.0.2_TCP,0.008835792541503906
1765271853.8641005,10.0.0.1,10.0.0.2,40000,80,TCP,1461,10.0.0.1_10.0.0.2_TCP,0.0052983760833740234
1765271853.896811,10.0.0.1,10.0.0.2,40000,80,TCP,1350,10.0.0.1_10.0.0.2_TCP,0.03271055221557617
1765271853.9023726,10.0.0.1,10.0.0.2,40000,80,TCP,369,10.0.0.1_10.0.0.2_TCP,0.0055615901947021484
1765271853.9081528,10.0.0.1,10.0.0.2,40000,80,TCP,1170,10.0.0.1_10.0.0.2_TCP,0.005780220031738281
1765271853.9556274,10.0.0.1,10.0.0.2,40000,80,TCP,1000,10.0.0.1_10.0.0.2_TCP,0.04747462272644043
1765271853.9769142,10.0.0.1,10.0.0.2,40000,80,TCP,753,10.0.0.1_10.0.0.2_TCP,0.021286725997924805
1765271853.9839787,10.0.0.1,10.0.0.2,40000,80,TCP,1094,10.0.0.1_10.0.0.2_TCP,0.0070645809173583984
1765271854.0675385,10.0.0.1,10.0.0.2,40000,80,TCP,640,10.0.0.1_10.0.0.2_TCP,0.08355975151062012
1765271854.067812,10.0.0.1,10.0.0.2,40000,80,TCP,425,10.0.0.1_10.0.0.2_TCP,0.0002734661102294922
1765271854.0962386,10.0.0.1,10.0.0.2,40000,80,TCP,976,10.0.0.1_10.0.0.2_TCP,0.028426647186279297
1765271854.111337,10.0.0.1,10.0.0.2,40000,80,TCP,1352,10.0.0.1_10.0.0.2_TCP,0.015098333358764648
1765271854.1152267,10.0.0.1,10.0.0.2,40000,80,TCP,704,10.0.0.1_10.0.0.2_TCP,0.003889799118041992
1765271854.12234,10.0.0.1,10.0.0.2,40000,80,TCP,865,10.0.0.1_10.0.0.2_TCP,0.007113218307495117
1765271854.1761255,10.0.0.1,10.0.0.2,40000,80,TCP,1027,10.0.0.1_10.0.0.2_TCP,0.05378556251525879
1765271854.190649,10.0.0.1,10.0.0.2,40000,80,TCP,215,10.0.0.1_10.0.0.2_TCP,0.014523506164550781
1765271854.211411,10.0.0.1,10.0.0.2,40000,80,TCP,983,10.0.0.1_10.0.0.2_TCP,0.020761966705322266
1765271854.2979674,10.0.0.1,10.0.0.2,40000,80,TCP,345,10.0.0.1_10.0.0.2_TCP,0.08655643463134766
1765271854.3017445,10.0.0.1,10.0.0.2,40000,80,TCP,1221,10.0.0.1_10.0.0.2_TCP,0.003777027130126953
1765271854.3019626,10.0.0.1,10.0.0.2,40000,80,TCP,736,10.0.0.1_10.0.0.2_TCP,0.0002181529998779297
1765271854.3224356,10.0.0.1,10.0.0.2,40000,80,TCP,715,10.0.0.1_10.0.0.2_TCP,0.020473003387451172
1765271854.3455818,10.0.0.1,10.0.0.2,40000,80,TCP,1157,10.0.0.1_10.0.0.2_TCP,0.02314615249633789
1765271854.4037776,10.0.0.1,10.0.0.2,40000,80,TCP,822,10.0.0.1_10.0.0.2_TCP,0.05819582939147949
1765271854.423871,10.0.0.1,10.0.0.2,40000,80,TCP,116,10.0.0.1_10.0.0.2_TCP,0.020093441009521484
1765271854.4867146,10.0.0.1,10.0.0.2,40000,80,TCP,1482,10.0.0.1_10.0.0.2_TCP,0.06284356117248535
1765271854.5170894,10.0.0.1,10.0.0.2,40000,80,TCP,1399,10.0.0.1_10.0.0.2_TCP,0.030374765396118164
1765271854.5213342,10.0.0.1,10.0.0.2,40000,80,TCP,1119,10.0.0.1_10.0.0.2_TCP,0.004244804382324219
1765271854.541087,10.0.0.1,10.0.0.2,40000,80,TCP,1206,10.0.0.1_10.0.0.2_TCP,0.01975274085998535
1765271854.585149,10.0.0.1,10.0.0.2,40000,80,TCP,813,10.0.0.1_10.0.0.2_TCP,0.044062137603759766
1765271854.689442,10.0.0.1,10.0.0.2,40000,80,TCP,1268,10.0.0.1_10.0.0.2_TCP,0.1042928695678711
1765271854.7323368,10.0.0.1,10.0.0.2,40000,80,TCP,443,10.0.0.1_10.0.0.2_TCP,0.042894840240478516
1765271854.7681725,10.0.0.1,10.0.0.2,40000,80,TCP,1218,10.0.0.1_10.0.0.2_TCP,0.03583574295043945
1765271854.8113585,10.0.0.1,10.0.0.2,40000,80,TCP,1390,10.0.0.1_10.0.0.2_TCP,0.04318594932556152
1765271854.873824,10.0.0.1,10.0.0.2,40000,80,TCP,633,10.0.0.1_10.0.0.2_TCP,0.06246542930603027
1765271854.8897924,10.0.0.1,10.0.0.2,40000,80,TCP,1416,10.0.0.1_10.0.0.2_TCP,0.01596856117248535
1765271854.905173,10.0.0.1,10.0.0.2,40000,80,TCP,1392,10.0.0.1_10.0.0.2_TCP,0.015380620956420898
1765271854.9180217,10.0.0.1,10.0.0.2,40000,80,TCP,795,10.0.0.1_10.0.0.2_TCP,0.012848615646362305
1765271854.9299438,10.0.0.1,10.0.0.2,40000,80,TCP,1415,10.0.0.1_10.0.0.2_TCP,0.011922121047973633
1765271854.9394453,10.0.0.1,10.0.0.2,40000,80,TCP,169,10.0.0.1_10.0.0.2_TCP,0.009501457214355469
1765271854.9690113,10.0.0.1,10.0.0.2,40000,80,TCP,1246,10.0.0.1_10.0.0.2_TCP,0.029566049575805664
1765271854.9956625,10.0.0.1,10.0.0.2,40000,80,TCP,1451,10.0.0.1_10.0.0.2_TCP,0.02665114402770996
1765271855.0219948,10.0.0.1,10.0.0.2,40000,80,TCP,436,10.0.0.1_10.0.0.2_TCP,0.026332378387451172
1765271855.0333872,10.0.0.1,10.0.0.2,40000,80,TCP,305,10.0.0.1_10.0.0.2_TCP,0.011392354965209961
1765271855.0810127,10.0.0.1,10.0.0.2,40000,80,TCP,659,10.0.0.1_10.0.0.2_TCP,0.04762554168701172
1765271855.0900133,10.0.0.1,10.0.0.2,40000,80,TCP,1295,10.0.0.1_10.0.0.2_TCP,0.009000539779663086
1765271855.104557,10.0.0.1,10.0.0.2,40000,80,TCP,1009,10.0.0.1_10.0.0.2_TCP,0.014543771743774414
1765271855.1243255,10.0.0.1,10.0.0.2,40000,80,TCP,1303,10.0.0.1_10.0.0.2_TCP,0.019768476486206055
1765271855.1395545,10.0.0.1,10.0.0.2,40000,80,TCP,838,10.0.0.1_10.0.0.2_TCP,0.015228986740112305
1765271855.1470404,10.0.0.1,10.0.0.2,40000,80,TCP,1035,10.0.0.1_10.0.0.2_TCP,0.007485866546630859
1765271855.2607677,10.0.0.1,10.0.0.2,40000,80,TCP,1342,10.0.0.1_10.0.0.2_TCP,0.11372733116149902
1765271855.269122,10.0.0.1,10.0.0.2,40000,80,TCP,847,10.0.0.1_10.0.0.2_TCP,0.00835418701171875
1765271855.2728186,10.0.0.1,10.0.0.2,40000,80,TCP,702,10.0.0.1_10.0.0.2_TCP,0.0036966800689697266
1765271855.2747998,10.0.0.1,10.0.0.2,40000,80,TCP,1323,10.0.0.1_10.0.0.2_TCP,0.0019812583923339844
1765271855.2778409,10.0.0.1,10.0.0.2,40000,80,TCP,944,10.0.0.1_10.0.0.2_TCP,0.0030410289764404297
1765271855.291074,10.0.0.1,10.0.0.2,40000,80,TCP,553,10.0.0.1_10.0.0.2_TCP,0.013233184814453125
1765271855.31238,10.0.0.1,10.0.0.2,40000,80,TCP,1342,10.0.0.1_10.0.0.2_TCP,0.02130603790283203
1765271855.3174822,10.0.0.1,10.0.0.2,40000,80,TCP,301,10.0.0.1_10.0.0.2_TCP,0.0051021575927734375
1765271855.3572152,10.0.0.1,10.0.0.2,40000,80,TCP,1234,10.0.0.1_10.0.0.2_TCP,0.039732933044433594
1765271855.391897,10.0.0.1,10.0.0.2,40000,80,TCP,1310,10.0.0.1_10.0.0.2_TCP,0.03468179702758789
1765271855.4280093,10.0.0.1,10.0.0.2,40000,80,TCP,1227,10.0.0.1_10.0.0.2_TCP,0.036112308502197266
1765271855.4345765,10.0.0.1,10.0.0.2,40000,80,TCP,1107,10.0.0.1_10.0.0.2_TCP,0.006567239761352539
1765271855.4384823,10.0.0.1,10.0.0.2,40000,80,TCP,602,10.0.0.1_10.0.0.2_TCP,0.003905773162841797
1765271855.4471471,10.0.0.1,10.0.0.2,40000,80,TCP,208,10.0.0.1_10.0.0.2_TCP,0.008664846420288086
1765271855.44951,10.0.0.1,10.0.0.2,40000,80,TCP,619,10.0.0.1_10.0.0.2_TCP,0.002362966537475586
1765271855.4498396,10.0.0.1,10.0.0.2,40000,80,TCP,975,10.0.0.1_10.0.0.2_TCP,0.0003294944763183594
1765271855.4759216,10.0.0.1,10.0.0.2,40000,80,TCP,1036,10.0.0.1_10.0.0.2_TCP,0.02608203887939453
1765271855.480693,10.0.0.1,10.0.0.2,40000,80,TCP,902,10.0.0.1_10.0.0.2_TCP,0.00477147102355957
1765271855.511676,10.0.0.1,10.0.0.2,40000,80,TCP,836,10.0.0.1_10.0.0.2_TCP,0.03098297119140625
1765271855.5461342,10.0.0.1,10.0.0.2,40000,80,TCP,187,10.0.0.1_10.0.0.2_TCP,0.034458160400390625
1765271855.5646222,10.0.0.1,10.0.0.2,40000,80,TCP,421,10.0.0.1_10.0.0.2_TCP,0.018487930297851562
1765271855.5835826,10.0.0.1,10.0.0.2,40000,80,TCP,277,10.0.0.1_10.0.0.2_TCP,0.01896047592163086
1765271855.5974517,10.0.0.1,10.0.0.2,40000,80,TCP,559,10.0.0.1_10.0.0.2_TCP,0.013869047164916992
1765271855.6235936,10.0.0.1,10.0.0.2,40000,80,TCP,153,10.0.0.1_10.0.0.2_TCP,0.026141881942749023
1765271855.629362,10.0.0.1,10.0.0.2,40000,80,TCP,492,10.0.0.1_10.0.0.2_TCP,0.005768537521362305
1765271855.709554,10.0.0.1,10.0.0.2,40000,80,TCP,754,10.0.0.1_10.0.0.2_TCP,0.08019185066223145
1765271855.7273183,10.0.0.1,10.0.0.2,40000,80,TCP,1263,10.0.0.1_10.0.0.2_TCP,0.01776432991027832
1765271855.76826,10.0.0.1,10.0.0.2,40000,80,TCP,917,10.0.0.1_10.0.0.2_TCP,0.040941715240478516
1765271855.7867138,10.0.0.1,10.0.0.2,40000,80,TCP,959,10.0.0.1_10.0.0.2_TCP,0.01845383644104004
1765271855.7950263,10.0.0.1,10.0.0.2,40000,80,TCP,1121,10.0.0.1_10.0.0.2_TCP,0.008312463760375977
1765271855.81138,10.0.0.1,10.0.0.2,40000,80,TCP,1297,10.0.0.1_10.0.0.2_TCP,0.016353607177734375
1765271855.884458,10.0.0.1,10.0.0.2,40000,80,TCP,157,10.0.0.1_10.0.0.2_TCP,0.07307815551757812
1765271855.9139156,10.0.0.1,10.0.0.2,40000,80,TCP,343,10.0.0.1_10.0.0.2_TCP,0.029457569122314453
1765271855.987507,10.0.0.1,10.0.0.2,40000,80,TCP,535,10.0.0.1_10.0.0.2_TCP,0.07359147071838379
1765271855.996912,10.0.0.1,10.0.0.2,40000,80,TCP,787,10.0.0.1_10.0.0.2_TCP,0.009404897689819336
1765271856.0056758,10.0.0.1,10.0.0.2,40000,80,TCP,755,10.0.0.1_10.0.0.2_TCP,0.008763790130615234
1765271856.04941,10.0.0.1,10.0.0.2,40000,80,TCP,998,10.0.0.1_10.0.0.2_TCP,0.04373431205749512
1765271856.084037,10.0.0.1,10.0.0.2,40000,80,TCP,1493,10.0.0.1_10.0.0.2_TCP,0.03462696075439453
1765271856.1911716,10.0.0.1,10.0.0.2,40000,80,TCP,496,10.0.0.1_10.0.0.2_TCP,0.10713458061218262
1765271856.221444,10.0.0.1,10.0.0.2,40000,80,TCP,1401,10.0.0.1_10.0.0.2_TCP,0.030272245407104492
1765271856.230403,10.0.0.1,10.0.0.2,40000,80,TCP,147,10.0.0.1_10.0.0.2_TCP,0.008959054946899414
1765271856.2304711,10.0.0.1,10.0.0.2,40000,80,TCP,858,10.0.0.1_10.0.0.2_TCP,6.818771362304688e-05
1765271856.2619894,10.0.0.1,10.0.0.2,40000,80,TCP,242,10.0.0.1_10.0.0.2_TCP,0.03151822090148926
1765271856.2628548,10.0.0.1,10.0.0.2,40000,80,TCP,1444,10.0.0.1_10.0.0.2_TCP,0.0008654594421386719
1765271856.2727416,10.0.0.1,10.0.0.2,40000,80,TCP,896,10.0.0.1_10.0.0.2_TCP,0.009886741638183594
1765271856.3430948,10.0.0.1,10.0.0.2,40000,80,TCP,343,10.0.0.1_10.0.0.2_TCP,0.07035326957702637
1765271856.3584428,10.0.0.1,10.0.0.2,40000,80,TCP,1312,10.0.0.1_10.0.0.2_TCP,0.015347957611083984
1765271856.364349,10.0.0.1,10.0.0.2,40000,80,TCP,1391,10.0.0.1_10.0.0.2_TCP,0.005906105041503906
1765271856.3988366,10.0.0.1,10.0.0.2,40000,80,TCP,1222,10.0.0.1_10.0.0.2_TCP,0.03448772430419922
1765271856.4098449,10.0.0.1,10.0.0.2,40000,80,TCP,765,10.0.0.1_10.0.0.2_TCP,0.011008262634277344
1765271856.5101616,10.0.0.1,10.0.0.2,40000,80,TCP,562,10.0.0.1_10.0.0.2_TCP,0.10031676292419434
1765271856.535562,10.0.0.1,10.0.0.2,40000,80,TCP,142,10.0.0.1_10.0.0.2_TCP,0.025400400161743164
1765271856.5687978,10.0.0.1,10.0.0.2,40000,80,TCP,1486,10.0.0.1_10.0.0.2_TCP,0.033235788345336914
1765271856.5901785,10.0.0.1,10.0.0.2,40000,80,TCP,63,10.0.0.1_10.0.0.2_TCP,0.02138066291809082
1765271856.6612422,10.0.0.1,10.0.0.2,40000,80,TCP,96,10.0.0.1_10.0.0.2_TCP,0.07106375694274902
1765271856.679853,10.0.0.1,10.0.0.2,40000,80,TCP,492,10.0.0.1_10.0.0.2_TCP,0.018610715866088867
1765271856.7092812,10.0.0.1,10.0.0.2,40000,80,TCP,1401,10.0.0.1_10.0.0.2_TCP,0.02942824363708496
1765271856.714507,10.0.0.1,10.0.0.2,40000,80,TCP,1081,10.0.0.1_10.0.0.2_TCP,0.0052258968353271484
1765271856.739373,10.0.0.1,10.0.0.2,40000,80,TCP,712,10.0.0.1_10.0.0.2_TCP,0.02486586570739746
1765271856.7832472,10.0.0.1,10.0.0.2,40000,80,TCP,324,10.0.0.1_10.0.0.2_TCP,0.043874263763427734
1765271856.80577,10.0.0.1,10.0.0.2,40000,80,TCP,382,10.0.0.1_10.0.0.2_TCP,0.022522687911987305
1765271856.8737862,10.0.0.1,10.0.0.2,40000,80,TCP,251,10.0.0.1_10.0.0.2_TCP,0.06801629066467285
1765271856.874545,10.0.0.1,10.0.0.2,40000,80,TCP,170,10.0.0.1_10.0.0.2_TCP,0.0007588863372802734
1765271856.910429,10.0.0.1,10.0.0.2,40000,80,TCP,784,10.0.0.1_10.0.0.2_TCP,0.03588390350341797
1765271856.9192965,10.0.0.1,10.0.0.2,40000,80,TCP,393,10.0.0.1_10.0.0.2_TCP,0.008867502212524414
1765271856.927451,10.0.0.1,10.0.0.2,40000,80,TCP,1321,10.0.0.1_10.0.0.2_TCP,0.00815439224243164
1765271856.955025,10.0.0.1,10.0.0.2,40000,80,TCP,587,10.0.0.1_10.0.0.2_TCP,0.02757406234741211
1765271856.9553623,10.0.0.1,10.0.0.2,40000,80,TCP,659,10.0.0.1_10.0.0.2_TCP,0.00033736228942871094
1765271857.0134254,10.0.0.1,10.0.0.2,40000,80,TCP,372,10.0.0.1_10.0.0.2_TCP,0.05806303024291992
1765271857.0276546,10.0.0.1,10.0.0.2,40000,80,TCP,720,10.0.0.1_10.0.0.2_TCP,0.014229297637939453
1765271857.058133,10.0.0.1,10.0.0.2,40000,80,TCP,212,10.0.0.1_10.0.0.2_TCP,0.030478239059448242
1765271857.0995924,10.0.0.1,10.0.0.2,40000,80,TCP,146,10.0.0.1_10.0.0.2_TCP,0.04145956039428711
1765271857.1715977,10.0.0.1,10.0.0.2,40000,80,TCP,1009,10.0.0.1_10.0.0.2_TCP,0.0720052719116211
1765271857.206152,10.0.0.1,10.0.0.2,40000,80,TCP,467,10.0.0.1_10.0.0.2_TCP,0.034554243087768555
1765271857.206492,10.0.0.1,10.0.0.2,40000,80,TCP,116,10.0.0.1_10.0.0.2_TCP,0.0003399848937988281
1765271857.2192194,10.0.0.1,10.0.0.2,40000,80,TCP,1001,10.0.0.1_10.0.0.2_TCP,0.012727499008178711
1765271857.2982264,10.0.0.1,10.0.0.2,40000,80,TCP,359,10.0.0.1_10.0.0.2_TCP,0.07900691032409668
1765271857.3039114,10.0.0.1,10.0.0.2,40000,80,TCP,528,10.0.0.1_10.0.0.2_TCP,0.005685091018676758
1765271857.4231265,10.0.0.1,10.0.0.2,40000,80,TCP,1444,10.0.0.1_10.0.0.2_TCP,0.11921501159667969
1765271857.4233112,10.0.0.1,10.0.0.2,40000,80,TCP,1377,10.0.0.1_10.0.0.2_TCP,0.00018477439880371094
1765271857.4366865,10.0.0.1,10.0.0.2,40000,80,TCP,1316,10.0.0.1_10.0.0.2_TCP,0.013375282287597656
1765271857.4602146,10.0.0.1,10.0.0.2,40000,80,TCP,1340,10.0.0.1_10.0.0.2_TCP,0.023528099060058594
1765271857.4810293,10.0.0.1,10.0.0.2,40000,80,TCP,1445,10.0.0.1_10.0.0.2_TCP,0.02081465721130371
1765271857.51103,10.0.0.1,10.0.0.2,40000,80,TCP,1489,10.0.0.1_10.0.0.2_TCP,0.030000686645507812
1765271857.5213974,10.0.0.1,10.0.0.2,40000,80,TCP,1338,10.0.0.1_10.0.0.2_TCP,0.010367393493652344
1765271857.539919,10.0.0.1,10.0.0.2,40000,80,TCP,777,10.0.0.1_10.0.0.2_TCP,0.018521547317504883
1765271857.5701942,10.0.0.1,10.0.0.2,40000,80,TCP,1171,10.0.0.1_10.0.0.2_TCP,0.030275344848632812
1765271857.5857446,10.0.0.1,10.0.0.2,40000,80,TCP,491,10.0.0.1_10.0.0.2_TCP,0.015550374984741211
1765271857.6054814,10.0.0.1,10.0.0.2,40000,80,TCP,680,10.0.0.1_10.0.0.2_TCP,0.019736766815185547
1765271857.649573,10.0.0.1,10.0.0.2,40000,80,TCP,545,10.0.0.1_10.0.0.2_TCP,0.04409170150756836
1765271857.65158,10.0.0.1,10.0.0.2,40000,80,TCP,346,10.0.0.1_10.0.0.2_TCP,0.002007007598876953
1765271857.669851,10.0.0.1,10.0.0.2,40000,80,TCP,777,10.0.0.1_10.0.0.2_TCP,0.01827096939086914
1765271857.6732662,10.0.0.1,10.0.0.2,40000,80,TCP,163,10.0.0.1_10.0.0.2_TCP,0.0034151077270507812
1765271857.6865182,10.0.0.1,10.0.0.2,40000,80,TCP,1494,10.0.0.1_10.0.0.2_TCP,0.013252019882202148
1765271857.7212205,10.0.0.1,10.0.0.2,40000,80,TCP,1428,10.0.0.1_10.0.0.2_TCP,0.034702301025390625
1765271857.7385552,10.0.0.1,10.0.0.2,40000,80,TCP,661,10.0.0.1_10.0.0.2_TCP,0.017334699630737305
1765271857.8570025,10.0.0.1,10.0.0.2,40000,80,TCP,1361,10.0.0.1_10.0.0.2_TCP,0.11844730377197266
1765271857.858704,10.0.0.1,10.0.0.2,40000,80,TCP,597,10.0.0.1_10.0.0.2_TCP,0.0017015933990478516
1765271857.9189928,10.0.0.1,10.0.0.2,40000,80,TCP,529,10.0.0.1_10.0.0.2_TCP,0.06028866767883301
1765271857.9499352,10.0.0.1,10.0.0.2,40000,80,TCP,116,10.0.0.1_10.0.0.2_TCP,0.030942440032958984
1765271857.9714272,10.0.0.1,10.0.0.2,40000,80,TCP,635,10.0.0.1_10.0.0.2_TCP,0.02149200439453125
1765271857.9835012,10.0.0.1,10.0.0.2,40000,80,TCP,225,10.0.0.1_10.0.0.2_TCP,0.012073993682861328
1765271858.099869,10.0.0.1,10.0.0.2,40000,80,TCP,1340,10.0.0.1_10.0.0.2_TCP,0.11636781692504883
1765271858.107486,10.0.0.1,10.0.0.2,40000,80,TCP,431,10.0.0.1_10.0.0.2_TCP,0.007616996765136719
1765271858.1295457,10.0.0.1,10.0.0.2,40000,80,TCP,614,10.0.0.1_10.0.0.2_TCP,0.02205967903137207
1765271858.157575,10.0.0.1,10.0.0.2,40000,80,TCP,199,10.0.0.1_10.0.0.2_TCP,0.028029203414916992
1765271858.1742845,10.0.0.1,10.0.0.2,40000,80,TCP,66,10.0.0.1_10.0.0.2_TCP,0.016709566116333008
1765271858.258282,10.0.0.1,10.0.0.2,40000,80,TCP,604,10.0.0.1_10.0.0.2_TCP,0.08399748802185059
1765271858.265609,10.0.0.1,10.0.0.2,40000,80,TCP,145,10.0.0.1_10.0.0.2_TCP,0.007327079772949219
1765271858.268476,10.0.0.1,10.0.0.2,40000,80,TCP,808,10.0.0.1_10.0.0.2_TCP,0.002866983413696289
1765271858.2775412,10.0.0.1,10.0.0.2,40000,80,TCP,228,10.0.0.1_10.0.0.2_TCP,0.00906515121459961
1765271858.2920127,10.0.0.1,10.0.0.2,40000,80,TCP,943,10.0.0.1_10.0.0.2_TCP,0.01447153091430664
1765271858.301966,10.0.0.1,10.0.0.2,40000,80,TCP,591,10.0.0.1_10.0.0.2_TCP,0.00995326042175293
1765271858.3208494,10.0.0.1,10.0.0.2,40000,80,TCP,379,10.0.0.1_10.0.0.2_TCP,0.018883466720581055
1765271858.4243107,10.0.0.1,10.0.0.2,40000,80,TCP,1378,10.0.0.1_10.0.0.2_TCP,0.10346126556396484
1765271858.4395003,10.0.0.1,10.0.0.2,40000,80,TCP,758,10.0.0.1_10.0.0.2_TCP,0.015189647674560547
1765271858.4637294,10.0.0.1,10.0.0.2,40000,80,TCP,1389,10.0.0.1_10.0.0.2_TCP,0.024229049682617188
1765271858.530059,10.0.0.1,10.0.0.2,40000,80,TCP,848,10.0.0.1_10.0.0.2_TCP,0.0663297176361084
1765271858.5484812,10.0.0.1,10.0.0.2,40000,80,TCP,760,10.0.0.1_10.0.0.2_TCP,0.01842212677001953
1765271858.5838692,10.0.0.1,10.0.0.2,40000,80,TCP,70,10.0.0.1_10.0.0.2_TCP,0.03538799285888672
1765271858.630659,10.0.0.1,10.0.0.2,40000,80,TCP,960,10.0.0.1_10.0.0.2_TCP,0.04678988456726074
1765271858.6577404,10.0.0.1,10.0.0.2,40000,80,TCP,736,10.0.0.1_10.0.0.2_TCP,0.02708125114440918
1765271858.673685,10.0.0.1,10.0.0.2,40000,80,TCP,719,10.0.0.1_10.0.0.2_TCP,0.015944719314575195
1765271858.7017126,10.0.0.1,10.0.0.2,40000,80,TCP,1489,10.0.0.1_10.0.0.2_TCP,0.02802753448486328
1765271858.848214,10.0.0.1,10.0.0.2,40000,80,TCP,454,10.0.0.1_10.0.0.2_TCP,0.1465013027191162
1765271858.8814523,10.0.0.1,10.0.0.2,40000,80,TCP,1173,10.0.0.1_10.0.0.2_TCP,0.03323841094970703
1765271858.8817382,10.0.0.1,10.0.0.2,40000,80,TCP,232,10.0.0.1_10.0.0.2_TCP,0.00028586387634277344
1765271858.9003146,10.0.0.1,10.0.0.2,40000,80,TCP,924,10.0.0.1_10.0.0.2_TCP,0.018576383590698242
1765271858.9253488,10.0.0.1,10.0.0.2,40000,80,TCP,1022,10.0.0.1_10.0.0.2_TCP,0.025034189224243164
1765271858.9501991,10.0.0.1,10.0.0.2,40000,80,TCP,1434,10.0.0.1_10.0.0.2_TCP,0.02485036849975586
1765271858.9525015,10.0.0.1,10.0.0.2,40000,80,TCP,267,10.0.0.1_10.0.0.2_TCP,0.002302408218383789
1765271858.9784403,10.0.0.1,10.0.0.2,40000,80,TCP,600,10.0.0.1_10.0.0.2_TCP,0.025938749313354492
1765271858.9959614,10.0.0.1,10.0.0.2,40000,80,TCP,260,10.0.0.1_10.0.0.2_TCP,0.017521142959594727
1765271859.0190632,10.0.0.1,10.0.0.2,40000,80,TCP,529,10.0.0.1_10.0.0.2_TCP,0.023101806640625
1765271859.0846064,10.0.0.1,10.0.0.2,40000,80,TCP,861,10.0.0.1_10.0.0.2_TCP,0.06554317474365234
1765271859.156126,10.0.0.1,10.0.0.2,40000,80,TCP,1372,10.0.0.1_10.0.0.2_TCP,0.07151961326599121
1765271859.163342,10.0.0.1,10.0.0.2,40000,80,TCP,197,10.0.0.1_10.0.0.2_TCP,0.007215976715087891
1765271859.1652524,10.0.0.1,10.0.0.2,40000,80,TCP,800,10.0.0.1_10.0.0.2_TCP,0.0019104480743408203
1765271859.1832976,10.0.0.1,10.0.0.2,40000,80,TCP,155,10.0.0.1_10.0.0.2_TCP,0.01804518699645996
1765271859.1848578,10.0.0.1,10.0.0.2,40000,80,TCP,146,10.0.0.1_10.0.0.2_TCP,0.001560211181640625
1765271859.3206851,10.0.0.1,10.0.0.2,40000,80,TCP,767,10.0.0.1_10.0.0.2_TCP,0.13582730293273926
1765271859.3528194,10.0.0.1,10.0.0.2,40000,80,TCP,1291,10.0.0.1_10.0.0.2_TCP,0.032134294509887695
1765271859.3634214,10.0.0.1,10.0.0.2,40000,80,TCP,1117,10.0.0.1_10.0.0.2_TCP,0.010601997375488281
1765271859.4211438,10.0.0.1,10.0.0.2,40000,80,TCP,73,10.0.0.1_10.0.0.2_TCP,0.05772233009338379
1765271859.4711645,10.0.0.1,10.0.0.2,40000,80,TCP,133,10.0.0.1_10.0.0.2_TCP,0.050020694732666016
1765271859.4936662,10.0.0.1,10.0.0.2,40000,80,TCP,564,10.0.0.1_10.0.0.2_TCP,0.022501707077026367
1765271859.5859444,10.0.0.1,10.0.0.2,40000,80,TCP,775,10.0.0.1_10.0.0.2_TCP,0.09227824211120605
1765271859.6027625,10.0.0.1,10.0.0.2,40000,80,TCP,279,10.0.0.1_10.0.0.2_TCP,0.01681804656982422
1765271859.6334655,10.0.0.1,10.0.0.2,40000,80,TCP,555,10.0.0.1_10.0.0.2_TCP,0.030703067779541016
1765271859.6339192,10.0.0.1,10.0.0.2,40000,80,TCP,1294,10.0.0.1_10.0.0.2_TCP,0.00045371055603027344
1765271859.646795,10.0.0.1,10.0.0.2,40000,80,TCP,720,10.0.0.1_10.0.0.2_TCP,0.012875795364379883
1765271859.67327,10.0.0.1,10.0.0.2,40000,80,TCP,1275,10.0.0.1_10.0.0.2_TCP,0.026474952697753906
1765271859.748894,10.0.0.1,10.0.0.2,40000,80,TCP,251,10.0.0.1_10.0.0.2_TCP,0.07562398910522461
1765271859.773047,10.0.0.1,10.0.0.2,40000,80,TCP,67,10.0.0.1_10.0.0.2_TCP,0.02415299415588379
1765271859.805501,10.0.0.1,10.0.0.2,40000,80,TCP,1077,10.0.0.1_10.0.0.2_TCP,0.03245401382446289
1765271859.825431,10.0.0.1,10.0.0.2,40000,80,TCP,569,10.0.0.1_10.0.0.2_TCP,0.019930124282836914
1765271859.8301284,10.0.0.1,10.0.0.2,40000,80,TCP,486,10.0.0.1_10.0.0.2_TCP,0.004697322845458984
1765271859.9541333,10.0.0.1,10.0.0.2,40000,80,TCP,1379,10.0.0.1_10.0.0.2_TCP,0.12400484085083008
1765271860.085543,10.0.0.1,10.0.0.2,40000,80,TCP,92,10.0.0.1_10.0.0.2_TCP,0.1314096450805664
1765271860.1419084,10.0.0.1,10.0.0.2,40000,80,TCP,974,10.0.0.1_10.0.0.2_TCP,0.0563654899597168
1765271860.157158,10.0.0.1,10.0.0.2,40000,80,TCP,929,10.0.0.1_10.0.0.2_TCP,0.015249490737915039
1765271860.1872108,10.0.0.1,10.0.0.2,40000,80,TCP,450,10.0.0.1_10.0.0.2_TCP,0.030052900314331055
1765271860.2378438,10.0.0.1,10.0.0.2,40000,80,TCP,153,10.0.0.1_10.0.0.2_TCP,0.05063295364379883
1765271860.2770922,10.0.0.1,10.0.0.2,40000,80,TCP,994,10.0.0.1_10.0.0.2_TCP,0.03924846649169922
1765271860.3067317,10.0.0.1,10.0.0.2,40000,80,TCP,216,10.0.0.1_10.0.0.2_TCP,0.029639482498168945
1765271860.3199897,10.0.0.1,10.0.0.2,40000,80,TCP,1314,10.0.0.1_10.0.0.2_TCP,0.013257980346679688
1765271860.3539996,10.0.0.1,10.0.0.2,40000,80,TCP,1163,10.0.0.1_10.0.0.2_TCP,0.03400993347167969
1765271860.3797262,10.0.0.1,10.0.0.2,40000,80,TCP,273,10.0.0.1_10.0.0.2_TCP,0.0257265567779541
1765271860.3850749,10.0.0.1,10.0.0.2,40000,80,TCP,619,10.0.0.1_10.0.0.2_TCP,0.005348682403564453
1765271860.4228425,10.0.0.1,10.0.0.2,40000,80,TCP,835,10.0.0.1_10.0.0.2_TCP,0.037767648696899414
1765271860.4539866,10.0.0.1,10.0.0.2,40000,80,TCP,969,10.0.0.1_10.0.0.2_TCP,0.031144142150878906
1765271860.493593,10.0.0.1,10.0.0.2,40000,80,TCP,333,10.0.0.1_10.0.0.2_TCP,0.039606332778930664
1765271860.5572283,10.0.0.1,10.0.0.2,40000,80,TCP,272,10.0.0.1_10.0.0.2_TCP,0.06363534927368164
1765271860.588065,10.0.0.1,10.0.0.2,40000,80,TCP,901,10.0.0.1_10.0.0.2_TCP,0.03083658218383789
1765271860.633232,10.0.0.1,10.0.0.2,40000,80,TCP,1329,10.0.0.1_10.0.0.2_TCP,0.04516720771789551
1765271860.724316,10.0.0.1,10.0.0.2,40000,80,TCP,1022,10.0.0.1_10.0.0.2_TCP,0.09108376502990723
1765271860.7391093,10.0.0.1,10.0.0.2,40000,80,TCP,1184,10.0.0.1_10.0.0.2_TCP,0.01479339599609375
1765271860.7761357,10.0.0.1,10.0.0.2,40000,80,TCP,1117,10.0.0.1_10.0.0.2_TCP,0.037026405334472656
1765271860.80768,10.0.0.1,10.0.0.2,40000,80,TCP,1300,10.0.0.1_10.0.0.2_TCP,0.03154420852661133
1765271860.8344858,10.0.0.1,10.0.0.2,40000,80,TCP,1179,10.0.0.1_10.0.0.2_TCP,0.026805877685546875
1765271860.923735,10.0.0.1,10.0.0.2,40000,80,TCP,568,10.0.0.1_10.0.0.2_TCP,0.0892491340637207
1765271860.9842076,10.0.0.1,10.0.0.2,40000,80,TCP,609,10.0.0.1_10.0.0.2_TCP,0.060472726821899414
1765271861.0386093,10.0.0.1,10.0.0.2,40000,80,TCP,264,10.0.0.1_10.0.0.2_TCP,0.05440163612365723
1765271861.0758038,10.0.0.1,10.0.0.2,40000,80,TCP,611,10.0.0.1_10.0.0.2_TCP,0.03719449043273926
1765271861.078102,10.0.0.1,10.0.0.2,40000,80,TCP,749,10.0.0.1_10.0.0.2_TCP,0.0022983551025390625
1765271861.1190646,10.0.0.1,10.0.0.2,40000,80,TCP,1306,10.0.0.1_10.0.0.2_TCP,0.04096245765686035
1765271861.1204052,10.0.0.1,10.0.0.2,40000,80,TCP,244,10.0.0.1_10.0.0.2_TCP,0.001340627670288086
1765271861.1437736,10.0.0.1,10.0.0.2,40000,80,TCP,338,10.0.0.1_10.0.0.2_TCP,0.023368358612060547
1765271861.1812165,10.0.0.1,10.0.0.2,40000,80,TCP,1131,10.0.0.1_10.0.0.2_TCP,0.037442922592163086
1765271861.2082975,10.0.0.1,10.0.0.2,40000,80,TCP,1170,10.0.0.1_10.0.0.2_TCP,0.027081012725830078
1765271861.2145574,10.0.0.1,10.0.0.2,40000,80,TCP,988,10.0.0.1_10.0.0.2_TCP,0.006259918212890625
1765271861.239879,10.0.0.1,10.0.0.2,40000,80,TCP,725,10.0.0.1_10.0.0.2_TCP,0.025321483612060547
1765271861.2451253,10.0.0.1,10.0.0.2,40000,80,TCP,1146,10.0.0.1_10.0.0.2_TCP,0.005246400833129883
1765271861.3094945,10.0.0.1,10.0.0.2,40000,80,TCP,1202,10.0.0.1_10.0.0.2_TCP,0.06436920166015625
1765271861.3147745,10.0.0.1,10.0.0.2,40000,80,TCP,1161,10.0.0.1_10.0.0.2_TCP,0.005280017852783203
1765271861.3210669,10.0.0.1,10.0.0.2,40000,80,TCP,1372,10.0.0.1_10.0.0.2_TCP,0.0062923431396484375
1765271861.3680007,10.0.0.1,10.0.0.2,40000,80,TCP,501,10.0.0.1_10.0.0.2_TCP,0.046933889389038086
1765271861.4337988,10.0.0.1,10.0.0.2,40000,80,TCP,957,10.0.0.1_10.0.0.2_TCP,0.06579804420471191
1765271861.4356604,10.0.0.1,10.0.0.2,40000,80,TCP,1348,10.0.0.1_10.0.0.2_TCP,0.001861572265625
1765271861.437579,10.0.0.1,10.0.0.2,40000,80,TCP,1479,10.0.0.1_10.0.0.2_TCP,0.0019185543060302734
1765271861.482605,10.0.0.1,10.0.0.2,40000,80,TCP,738,10.0.0.1_10.0.0.2_TCP,0.04502606391906738
1765271861.4834852,10.0.0.1,10.0.0.2,40000,80,TCP,279,10.0.0.1_10.0.0.2_TCP,0.0008802413940429688
1765271861.5130353,10.0.0.1,10.0.0.2,40000,80,TCP,691,10.0.0.1_10.0.0.2_TCP,0.02955007553100586
1765271861.5532794,10.0.0.1,10.0.0.2,40000,80,TCP,90,10.0.0.1_10.0.0.2_TCP,0.040244102478027344
1765271861.6409888,10.0.0.1,10.0.0.2,40000,80,TCP,1371,10.0.0.1_10.0.0.2_TCP,0.08770942687988281
1765271861.6851096,10.0.0.1,10.0.0.2,40000,80,TCP,861,10.0.0.1_10.0.0.2_TCP,0.04412078857421875
1765271861.7344258,10.0.0.1,10.0.0.2,40000,80,TCP,473,10.0.0.1_10.0.0.2_TCP,0.0493161678314209
1765271861.7471664,10.0.0.1,10.0.0.2,40000,80,TCP,1283,10.0.0.1_10.0.0.2_TCP,0.012740612030029297
1765271861.7826626,10.0.0.1,10.0.0.2,40000,80,TCP,157,10.0.0.1_10.0.0.2_TCP,0.03549623489379883
1765271861.8232086,10.0.0.1,10.0.0.2,40000,80,TCP,1379,10.0.0.1_10.0.0.2_TCP,0.04054594039916992
1765271861.9008186,10.0.0.1,10.0.0.2,40000,80,TCP,967,10.0.0.1_10.0.0.2_TCP,0.07761001586914062
1765271861.9030666,10.0.0.1,10.0.0.2,40000,80,TCP,1173,10.0.0.1_10.0.0.2_TCP,0.002248048782348633
1765271861.9257736,10.0.0.1,10.0.0.2,40000,80,TCP,768,10.0.0.1_10.0.0.2_TCP,0.022706985473632812
1765271861.9486213,10.0.0.1,10.0.0.2,40000,80,TCP,682,10.0.0.1_10.0.0.2_TCP,0.022847652435302734
1765271861.9754207,10.0.0.1,10.0.0.2,40000,80,TCP,125,10.0.0.1_10.0.0.2_TCP,0.026799440383911133
1765271862.019575,10.0.0.1,10.0.0.2,40000,80,TCP,1302,10.0.0.1_10.0.0.2_TCP,0.04415440559387207
1765271862.093901,10.0.0.1,10.0.0.2,40000,80,TCP,489,10.0.0.1_10.0.0.2_TCP,0.0743257999420166
1765271862.1136744,10.0.0.1,10.0.0.2,40000,80,TCP,78,10.0.0.1_10.0.0.2_TCP,0.019773483276367188
1765271862.1481223,10.0.0.1,10.0.0.2,40000,80,TCP,1266,10.0.0.1_10.0.0.2_TCP,0.03444790840148926
1765271862.170079,10.0.0.1,10.0.0.2,40000,80,TCP,848,10.0.0.1_10.0.0.2_TCP,0.021956682205200195
1765271862.1855376,10.0.0.1,10.0.0.2,40000,80,TCP,1128,10.0.0.1_10.0.0.2_TCP,0.01545858383178711
1765271862.2408535,10.0.0.1,10.0.0.2,40000,80,TCP,1429,10.0.0.1_10.0.0.2_TCP,0.05531597137451172
1765271862.394999,10.0.0.1,10.0.0.2,40000,80,TCP,673,10.0.0.1_10.0.0.2_TCP,0.1541454792022705
1765271862.406855,10.0.0.1,10.0.0.2,40000,80,TCP,550,10.0.0.1_10.0.0.2_TCP,0.0118560791015625
1765271862.4330084,10.0.0.1,10.0.0.2,40000,80,TCP,1226,10.0.0.1_10.0.0.2_TCP,0.0261533260345459
1765271862.451017,10.0.0.1,10.0.0.2,40000,80,TCP,1145,10.0.0.1_10.0.0.2_TCP,0.01800847053527832
1765271862.4752302,10.0.0.1,10.0.0.2,40000,80,TCP,192,10.0.0.1_10.0.0.2_TCP,0.024213314056396484
1765271862.511407,10.0.0.1,10.0.0.2,40000,80,TCP,1098,10.0.0.1_10.0.0.2_TCP,0.03617668151855469
1765271862.5283098,10.0.0.1,10.0.0.2,40000,80,TCP,1279,10.0.0.1_10.0.0.2_TCP,0.016902923583984375
1765271862.5563717,10.0.0.1,10.0.0.2,40000,80,TCP,842,10.0.0.1_10.0.0.2_TCP,0.028061866760253906
1765271862.5660062,10.0.0.1,10.0.0.2,40000,80,TCP,820,10.0.0.1_10.0.0.2_TCP,0.00963449478149414
1765271862.6014466,10.0.0.1,10.0.0.2,40000,80,TCP,1062,10.0.0.1_10.0.0.2_TCP,0.03544044494628906
1765271862.6140258,10.0.0.1,10.0.0.2,40000,80,TCP,66,10.0.0.1_10.0.0.2_TCP,0.012579202651977539
1765271862.6153235,10.0.0.1,10.0.0.2,40000,80,TCP,610,10.0.0.1_10.0.0.2_TCP,0.0012977123260498047
1765271862.6832745,10.0.0.1,10.0.0.2,40000,80,TCP,630,10.0.0.1_10.0.0.2_TCP,0.06795096397399902
1765271862.7339582,10.0.0.1,10.0.0.2,40000,80,TCP,597,10.0.0.1_10.0.0.2_TCP,0.05068373680114746
1765271862.761737,10.0.0.1,10.0.0.2,40000,80,TCP,599,10.0.0.1_10.0.0.2_TCP,0.02777886390686035
1765271862.764195,10.0.0.1,10.0.0.2,40000,80,TCP,1305,10.0.0.1_10.0.0.2_TCP,0.002457857131958008
1765271862.773043,10.0.0.1,10.0.0.2,40000,80,TCP,244,10.0.0.1_10.0.0.2_TCP,0.008847951889038086
1765271862.8337991,10.0.0.1,10.0.0.2,40000,80,TCP,459,10.0.0.1_10.0.0.2_TCP,0.06075620651245117
1765271862.838415,10.0.0.1,10.0.0.2,40000,80,TCP,521,10.0.0.1_10.0.0.2_TCP,0.00461578369140625
1765271862.8632357,10.0.0.1,10.0.0.2,40000,80,TCP,287,10.0.0.1_10.0.0.2_TCP,0.024820804595947266
1765271862.9080577,10.0.0.1,10.0.0.2,40000,80,TCP,588,10.0.0.1_10.0.0.2_TCP,0.044821977615356445
1765271862.908593,10.0.0.1,10.0.0.2,40000,80,TCP,730,10.0.0.1_10.0.0.2_TCP,0.0005352497100830078
1765271862.9437742,10.0.0.1,10.0.0.2,40000,80,TCP,400,10.0.0.1_10.0.0.2_TCP,0.035181283950805664
1765271862.9463463,10.0.0.1,10.0.0.2,40000,80,TCP,1383,10.0.0.1_10.0.0.2_TCP,0.0025720596313476562
1765271863.0226743,10.0.0.1,10.0.0.2,40000,80,TCP,917,10.0.0.1_10.0.0.2_TCP,0.07632803916931152
1765271863.0510845,10.0.0.1,10.0.0.2,40000,80,TCP,338,10.0.0.1_10.0.0.2_TCP,0.02841019630432129
1765271863.107372,10.0.0.1,10.0.0.2,40000,80,TCP,1495,10.0.0.1_10.0.0.2_TCP,0.056287527084350586
1765271863.116125,10.0.0.1,10.0.0.2,40000,80,TCP,1280,10.0.0.1_10.0.0.2_TCP,0.008753061294555664
1765271863.134802,10.0.0.1,10.0.0.2,40000,80,TCP,668,10.0.0.1_10.0.0.2_TCP,0.0186769962310791
1765271863.1469402,10.0.0.1,10.0.0.2,40000,80,TCP,418,10.0.0.1_10.0.0.2_TCP,0.012138128280639648
1765271863.2004774,10.0.0.1,10.0.0.2,40000,80,TCP,1043,10.0.0.1_10.0.0.2_TCP,0.05353713035583496
1765271863.207543,10.0.0.1,10.0.0.2,40000,80,TCP,850,10.0.0.1_10.0.0.2_TCP,0.007065534591674805
1765271863.2262,10.0.0.1,10.0.0.2,40000,80,TCP,1275,10.0.0.1_10.0.0.2_TCP,0.018657207489013672
1765271863.27004,10.0.0.1,10.0.0.2,40000,80,TCP,1213,10.0.0.1_10.0.0.2_TCP,0.04383993148803711
1765271863.275457,10.0.0.1,10.0.0.2,40000,80,TCP,670,10.0.0.1_10.0.0.2_TCP,0.0054168701171875
1765271863.3192248,10.0.0.1,10.0.0.2,40000,80,TCP,182,10.0.0.1_10.0.0.2_TCP,0.04376792907714844
1765271863.40397,10.0.0.1,10.0.0.2,40000,80,TCP,470,10.0.0.1_10.0.0.2_TCP,0.08474516868591309
1765271863.5136502,10.0.0.1,10.0.0.2,40000,80,TCP,708,10.0.0.1_10.0.0.2_TCP,0.10968017578125
1765271863.5570226,10.0.0.1,10.0.0.2,40000,80,TCP,404,10.0.0.1_10.0.0.2_TCP,0.043372392654418945
1765271863.583295,10.0.0.1,10.0.0.2,40000,80,TCP,142,10.0.0.1_10.0.0.2_TCP,0.02627253532409668
1765271863.6379533,10.0.0.1,10.0.0.2,40000,80,TCP,439,10.0.0.1_10.0.0.2_TCP,0.05465817451477051
1765271863.638859,10.0.0.1,10.0.0.2,40000,80,TCP,1086,10.0.0.1_10.0.0.2_TCP,0.0009057521820068359
1765271863.659932,10.0.0.1,10.0.0.2,40000,80,TCP,507,10.0.0.1_10.0.0.2_TCP,0.021072864532470703
1765271863.721943,10.0.0.1,10.0.0.2,40000,80,TCP,851,10.0.0.1_10.0.0.2_TCP,0.062011003494262695
1765271863.754384,10.0.0.1,10.0.0.2,40000,80,TCP,1043,10.0.0.1_10.0.0.2_TCP,0.032441139221191406
1765271863.758009,10.0.0.1,10.0.0.2,40000,80,TCP,1098,10.0.0.1_10.0.0.2_TCP,0.0036249160766601562
1765271863.7701125,10.0.0.1,10.0.0.2,40000,80,TCP,560,10.0.0.1_10.0.0.2_TCP,0.012103557586669922
1765271863.778181,10.0.0.1,10.0.0.2,40000,80,TCP,1215,10.0.0.1_10.0.0.2_TCP,0.008068561553955078
1765271863.8092103,10.0.0.1,10.0.0.2,40000,80,TCP,1413,10.0.0.1_10.0.0.2_TCP,0.031029224395751953
1765271863.83837,10.0.0.1,10.0.0.2,40000,80,TCP,348,10.0.0.1_10.0.0.2_TCP,0.0291597843170166
1765271863.8627782,10.0.0.1,10.0.0.2,40000,80,TCP,125,10.0.0.1_10.0.0.2_TCP,0.02440810203552246
1765271863.900084,10.0.0.1,10.0.0.2,40000,80,TCP,648,10.0.0.1_10.0.0.2_TCP,0.03730583190917969
1765271863.9048665,10.0.0.1,10.0.0.2,40000,80,TCP,763,10.0.0.1_10.0.0.2_TCP,0.004782438278198242
1765271863.969044,10.0.0.1,10.0.0.2,40000,80,TCP,491,10.0.0.1_10.0.0.2_TCP,0.0641775131225586
1765271864.0116594,10.0.0.1,10.0.0.2,40000,80,TCP,1471,10.0.0.1_10.0.0.2_TCP,0.042615413665771484
1765271864.0223064,10.0.0.1,10.0.0.2,40000,80,TCP,1065,10.0.0.1_10.0.0.2_TCP,0.010647058486938477
1765271864.0837111,10.0.0.1,10.0.0.2,40000,80,TCP,582,10.0.0.1_10.0.0.2_TCP,0.06140470504760742
1765271864.1474836,10.0.0.1,10.0.0.2,40000,80,TCP,1005,10.0.0.1_10.0.0.2_TCP,0.06377243995666504
1765271864.1986876,10.0.0.1,10.0.0.2,40000,80,TCP,497,10.0.0.1_10.0.0.2_TCP,0.05120396614074707
1765271864.199901,10.0.0.1,10.0.0.2,40000,80,TCP,650,10.0.0.1_10.0.0.2_TCP,0.0012135505676269531
1765271864.3410285,10.0.0.1,10.0.0.2,40000,80,TCP,1225,10.0.0.1_10.0.0.2_TCP,0.141127347946167
1765271864.3728535,10.0.0.1,10.0.0.2,40000,80,TCP,1466,10.0.0.1_10.0.0.2_TCP,0.03182506561279297
1765271864.3904667,10.0.0.1,10.0.0.2,40000,80,TCP,912,10.0.0.1_10.0.0.2_TCP,0.01761317253112793
1765271864.4250443,10.0.0.1,10.0.0.2,40000,80,TCP,457,10.0.0.1_10.0.0.2_TCP,0.03457760810852051
1765271864.436406,10.0.0.1,10.0.0.2,40000,80,TCP,1222,10.0.0.1_10.0.0.2_TCP,0.01136159896850586
1765271864.4795809,10.0.0.1,10.0.0.2,40000,80,TCP,327,10.0.0.1_10.0.0.2_TCP,0.04317498207092285
1765271864.559832,10.0.0.1,10.0.0.2,40000,80,TCP,843,10.0.0.1_10.0.0.2_TCP,0.08025121688842773
1765271864.5809677,10.0.0.1,10.0.0.2,40000,80,TCP,769,10.0.0.1_10.0.0.2_TCP,0.021135568618774414
1765271864.644513,10.0.0.1,10.0.0.2,40000,80,TCP,120,10.0.0.1_10.0.0.2_TCP,0.06354522705078125
1765271864.711058,10.0.0.1,10.0.0.2,40000,80,TCP,447,10.0.0.1_10.0.0.2_TCP,0.06654500961303711
1765271864.7227168,10.0.0.1,10.0.0.2,40000,80,TCP,358,10.0.0.1_10.0.0.2_TCP,0.011658906936645508
1765271864.72858,10.0.0.1,10.0.0.2,40000,80,TCP,1472,10.0.0.1_10.0.0.2_TCP,0.005863189697265625
1765271864.7322614,10.0.0.1,10.0.0.2,40000,80,TCP,285,10.0.0.1_10.0.0.2_TCP,0.0036814212799072266
1765271864.7489843,10.0.0.1,10.0.0.2,40000,80,TCP,1262,10.0.0.1_10.0.0.2_TCP,0.016722917556762695
1765271864.752119,10.0.0.1,10.0.0.2,40000,80,TCP,1154,10.0.0.1_10.0.0.2_TCP,0.0031347274780273438
1765271864.764626,10.0.0.1,10.0.0.2,40000,80,TCP,424,10.0.0.1_10.0.0.2_TCP,0.012506961822509766
1765271864.8044658,10.0.0.1,10.0.0.2,40000,80,TCP,1067,10.0.0.1_10.0.0.2_TCP,0.039839744567871094
1765271864.8557963,10.0.0.1,10.0.0.2,40000,80,TCP,1333,10.0.0.1_10.0.0.2_TCP,0.05133056640625
1765271864.947966,10.0.0.1,10.0.0.2,40000,80,TCP,1489,10.0.0.1_10.0.0.2_TCP,0.09216976165771484
1765271865.0372217,10.0.0.1,10.0.0.2,40000,80,TCP,1043,10.0.0.1_10.0.0.2_TCP,0.08925557136535645
1765271865.074288,10.0.0.1,10.0.0.2,40000,80,TCP,817,10.0.0.1_10.0.0.2_TCP,0.03706622123718262
1765271865.0924962,10.0.0.1,10.0.0.2,40000,80,TCP,452,10.0.0.1_10.0.0.2_TCP,0.01820826530456543
1765271865.094954,10.0.0.1,10.0.0.2,40000,80,TCP,997,10.0.0.1_10.0.0.2_TCP,0.002457857131958008
1765271865.100104,10.0.0.1,10.0.0.2,40000,80,TCP,803,10.0.0.1_10.0.0.2_TCP,0.0051500797271728516
1765271865.121544,10.0.0.1,10.0.0.2,40000,80,TCP,426,10.0.0.1_10.0.0.2_TCP,0.021439790725708008
1765271865.1729794,10.0.0.1,10.0.0.2,40000,80,TCP,1142,10.0.0.1_10.0.0.2_TCP,0.05143547058105469
1765271865.1856606,10.0.0.1,10.0.0.2,40000,80,TCP,518,10.0.0.1_10.0.0.2_TCP,0.012681245803833008
1765271865.247095,10.0.0.1,10.0.0.2,40000,80,TCP,1362,10.0.0.1_10.0.0.2_TCP,0.06143450736999512
1765271865.2623968,10.0.0.1,10.0.0.2,40000,80,TCP,108,10.0.0.1_10.0.0.2_TCP,0.015301704406738281
1765271865.2693057,10.0.0.1,10.0.0.2,40000,80,TCP,333,10.0.0.1_10.0.0.2_TCP,0.006908893585205078
1765271865.389828,10.0.0.1,10.0.0.2,40000,80,TCP,1050,10.0.0.1_10.0.0.2_TCP,0.12052226066589355
1765271865.4019823,10.0.0.1,10.0.0.2,40000,80,TCP,558,10.0.0.1_10.0.0.2_TCP,0.012154340744018555
1765271865.4183636,10.0.0.1,10.0.0.2,40000,80,TCP,1112,10.0.0.1_10.0.0.2_TCP,0.016381263732910156
1765271865.4626396,10.0.0.1,10.0.0.2,40000,80,TCP,100,10.0.0.1_10.0.0.2_TCP,0.04427599906921387
1765271865.50535,10.0.0.1,10.0.0.2,40000,80,TCP,884,10.0.0.1_10.0.0.2_TCP,0.04271054267883301
1765271865.5138135,10.0.0.1,10.0.0.2,40000,80,TCP,1420,10.0.0.1_10.0.0.2_TCP,0.008463382720947266
1765271865.6020565,10.0.0.1,10.0.0.2,40000,80,TCP,790,10.0.0.1_10.0.0.2_TCP,0.08824300765991211
1765271865.659974,10.0.0.1,10.0.0.2,40000,80,TCP,1073,10.0.0.1_10.0.0.2_TCP,0.05791759490966797
1765271865.6809895,10.0.0.1,10.0.0.2,40000,80,TCP,255,10.0.0.1_10.0.0.2_TCP,0.021015405654907227
1765271865.715559,10.0.0.1,10.0.0.2,40000,80,TCP,83,10.0.0.1_10.0.0.2_TCP,0.034569501876831055
1765271865.7503662,10.0.0.1,10.0.0.2,40000,80,TCP,550,10.0.0.1_10.0.0.2_TCP,0.03480720520019531
1765271865.853717,10.0.0.1,10.0.0.2,40000,80,TCP,1061,10.0.0.1_10.0.0.2_TCP,0.10335087776184082
1765271865.8742025,10.0.0.1,10.0.0.2,40000,80,TCP,527,10.0.0.1_10.0.0.2_TCP,0.020485401153564453
1765271865.8796396,10.0.0.1,10.0.0.2,40000,80,TCP,90,10.0.0.1_10.0.0.2_TCP,0.005437135696411133
1765271865.8813462,10.0.0.1,10.0.0.2,40000,80,TCP,1186,10.0.0.1_10.0.0.2_TCP,0.0017066001892089844
1765271865.8823762,10.0.0.1,10.0.0.2,40000,80,TCP,279,10.0.0.1_10.0.0.2_TCP,0.00102996826171875
1765271865.938665,10.0.0.1,10.0.0.2,40000,80,TCP,360,10.0.0.1_10.0.0.2_TCP,0.056288719177246094
1765271866.0096714,10.0.0.1,10.0.0.2,40000,80,TCP,961,10.0.0.1_10.0.0.2_TCP,0.07100653648376465
1765271866.0374053,10.0.0.1,10.0.0.2,40000,80,TCP,148,10.0.0.1_10.0.0.2_TCP,0.027733802795410156
1765271866.038219,10.0.0.1,10.0.0.2,40000,80,TCP,517,10.0.0.1_10.0.0.2_TCP,0.0008137226104736328
1765271866.0496595,10.0.0.1,10.0.0.2,40000,80,TCP,1101,10.0.0.1_10.0.0.2_TCP,0.011440515518188477
1765271866.1368542,10.0.0.1,10.0.0.2,40000,80,TCP,1388,10.0.0.1_10.0.0.2_TCP,0.08719468116760254
1765271866.204438,10.0.0.1,10.0.0.2,40000,80,TCP,1410,10.0.0.1_10.0.0.2_TCP,0.06758379936218262
1765271866.311541,10.0.0.1,10.0.0.2,40000,80,TCP,870,10.0.0.1_10.0.0.2_TCP,0.10710310935974121
1765271866.3250203,10.0.0.1,10.0.0.2,40000,80,TCP,519,10.0.0.1_10.0.0.2_TCP,0.013479232788085938
1765271866.453094,10.0.0.1,10.0.0.2,40000,80,TCP,432,10.0.0.1_10.0.0.2_TCP,0.12807369232177734
1765271866.4838383,10.0.0.1,10.0.0.2,40000,80,TCP,625,10.0.0.1_10.0.0.2_TCP,0.030744314193725586
1765271866.4934103,10.0.0.1,10.0.0.2,40000,80,TCP,366,10.0.0.1_10.0.0.2_TCP,0.009572029113769531
1765271866.5819197,10.0.0.1,10.0.0.2,40000,80,TCP,1234,10.0.0.1_10.0.0.2_TCP,0.08850932121276855
1765271866.6472113,10.0.0.1,10.0.0.2,40000,80,TCP,120,10.0.0.1_10.0.0.2_TCP,0.0652916431427002
1765271866.668831,10.0.0.1,10.0.0.2,40000,80,TCP,1014,10.0.0.1_10.0.0.2_TCP,0.021619796752929688
1765271866.7327282,10.0.0.1,10.0.0.2,40000,80,TCP,899,10.0.0.1_10.0.0.2_TCP,0.06389713287353516
1765271866.7474551,10.0.0.1,10.0.0.2,40000,80,TCP,1026,10.0.0.1_10.0.0.2_TCP,0.014726877212524414
1765271866.7530508,10.0.0.1,10.0.0.2,40000,80,TCP,1500,10.0.0.1_10.0.0.2_TCP,0.005595684051513672
1765271866.8432922,10.0.0.1,10.0.0.2,40000,80,TCP,538,10.0.0.1_10.0.0.2_TCP,0.0902414321899414
1765271866.907294,10.0.0.1,10.0.0.2,40000,80,TCP,930,10.0.0.1_10.0.0.2_TCP,0.06400179862976074
1765271866.9329262,10.0.0.1,10.0.0.2,40000,80,TCP,1276,10.0.0.1_10.0.0.2_TCP,0.025632143020629883
1765271866.9787798,10.0.0.1,10.0.0.2,40000,80,TCP,222,10.0.0.1_10.0.0.2_TCP,0.045853614807128906
1765271866.9870975,10.0.0.1,10.0.0.2,40000,80,TCP,360,10.0.0.1_10.0.0.2_TCP,0.008317708969116211
1765271867.0205564,10.0.0.1,10.0.0.2,40000,80,TCP,461,10.0.0.1_10.0.0.2_TCP,0.03345894813537598
1765271867.0731864,10.0.0.1,10.0.0.2,40000,80,TCP,511,10.0.0.1_10.0.0.2_TCP,0.052629947662353516
1765271867.085498,10.0.0.1,10.0.0.2,40000,80,TCP,390,10.0.0.1_10.0.0.2_TCP,0.012311697006225586
1765271867.12689,10.0.0.1,10.0.0.2,40000,80,TCP,390,10.0.0.1_10.0.0.2_TCP,0.041391849517822266
1765271867.173116,10.0.0.1,10.0.0.2,40000,80,TCP,1403,10.0.0.1_10.0.0.2_TCP,0.04622602462768555
1765271867.1904185,10.0.0.1,10.0.0.2,40000,80,TCP,280,10.0.0.1_10.0.0.2_TCP,0.017302513122558594
1765271867.2038105,10.0.0.1,10.0.0.2,40000,80,TCP,1241,10.0.0.1_10.0.0.2_TCP,0.013391971588134766
1765271867.2773907,10.0.0.1,10.0.0.2,40000,80,TCP,1044,10.0.0.1_10.0.0.2_TCP,0.07358026504516602
1765271867.370403,10.0.0.1,10.0.0.2,40000,80,TCP,643,10.0.0.1_10.0.0.2_TCP,0.09301233291625977
1765271867.4610598,10.0.0.1,10.0.0.2,40000,80,TCP,60,10.0.0.1_10.0.0.2_TCP,0.09065675735473633
1765271867.4687233,10.0.0.1,10.0.0.2,40000,80,TCP,867,10.0.0.1_10.0.0.2_TCP,0.0076634883880615234
1765271867.5281277,10.0.0.1,10.0.0.2,40000,80,TCP,1157,10.0.0.1_10.0.0.2_TCP,0.05940437316894531
1765271867.5641212,10.0.0.1,10.0.0.2,40000,80,TCP,1010,10.0.0.1_10.0.0.2_TCP,0.03599357604980469
1765271867.658135,10.0.0.1,10.0.0.2,40000,80,TCP,1126,10.0.0.1_10.0.0.2_TCP,0.09401369094848633
1765271867.746107,10.0.0.1,10.0.0.2,40000,80,TCP,999,10.0.0.1_10.0.0.2_TCP,0.08797216415405273
1765271867.761031,10.0.0.1,10.0.0.2,40000,80,TCP,374,10.0.0.1_10.0.0.2_TCP,0.014923810958862305
1765271867.7721214,10.0.0.1,10.0.0.2,40000,80,TCP,329,10.0.0.1_10.0.0.2_TCP,0.011090517044067383
1765271867.8330424,10.0.0.1,10.0.0.2,40000,80,TCP,1230,10.0.0.1_10.0.0.2_TCP,0.06092095375061035
1765271867.8639688,10.0.0.1,10.0.0.2,40000,80,TCP,1029,10.0.0.1_10.0.0.2_TCP,0.03092646598815918
1765271867.9429665,10.0.0.1,10.0.0.2,40000,80,TCP,60,10.0.0.1_10.0.0.2_TCP,0.07899761199951172
1765271868.0626116,10.0.0.1,10.0.0.2,40000,80,TCP,1059,10.0.0.1_10.0.0.2_TCP,0.1196451187133789
1765271868.0857806,10.0.0.1,10.0.0.2,40000,80,TCP,803,10.0.0.1_10.0.0.2_TCP,0.02316904067993164
1765271868.091257,10.0.0.1,10.0.0.2,40000,80,TCP,824,10.0.0.1_10.0.0.2_TCP,0.005476474761962891
1765271868.1083057,10.0.0.1,10.0.0.2,40000,80,TCP,1183,10.0.0.1_10.0.0.2_TCP,0.01704859733581543
1765271868.1386678,10.0.0.1,10.0.0.2,40000,80,TCP,760,10.0.0.1_10.0.0.2_TCP,0.03036212921142578
1765271868.285258,10.0.0.1,10.0.0.2,40000,80,TCP,536,10.0.0.1_10.0.0.2_TCP,0.1465902328491211
1765271868.3988092,10.0.0.1,10.0.0.2,40000,80,TCP,607,10.0.0.1_10.0.0.2_TCP,0.11355113983154297
1765271868.4018447,10.0.0.1,10.0.0.2,40000,80,TCP,1250,10.0.0.1_10.0.0.2_TCP,0.0030355453491210938
1765271868.442342,10.0.0.1,10.0.0.2,40000,80,TCP,1362,10.0.0.1_10.0.0.2_TCP,0.0404973030090332
1765271868.4429543,10.0.0.1,10.0.0.2,40000,80,TCP,757,10.0.0.1_10.0.0.2_TCP,0.0006122589111328125
1765271868.45322,10.0.0.1,10.0.0.2,40000,80,TCP,114,10.0.0.1_10.0.0.2_TCP,0.010265588760375977
1765271868.486257,10.0.0.1,10.0.0.2,40000,80,TCP,146,10.0.0.1_10.0.0.2_TCP,0.03303718566894531
1765271868.488073,10.0.0.1,10.0.0.2,40000,80,TCP,1020,10.0.0.1_10.0.0.2_TCP,0.0018160343170166016
1765271868.4986358,10.0.0.1,10.0.0.2,40000,80,TCP,560,10.0.0.1_10.0.0.2_TCP,0.010562658309936523
1765271868.523072,10.0.0.1,10.0.0.2,40000,80,TCP,679,10.0.0.1_10.0.0.2_TCP,0.024436235427856445
1765271868.5270011,10.0.0.1,10.0.0.2,40000,80,TCP,813,10.0.0.1_10.0.0.2_TCP,0.00392913818359375
1765271868.5643425,10.0.0.1,10.0.0.2,40000,80,TCP,1184,10.0.0.1_10.0.0.2_TCP,0.03734135627746582
1765271868.5965257,10.0.0.1,10.0.0.2,40000,80,TCP,733,10.0.0.1_10.0.0.2_TCP,0.032183170318603516
1765271868.7007546,10.0.0.1,10.0.0.2,40000,80,TCP,1109,10.0.0.1_10.0.0.2_TCP,0.10422897338867188
1765271868.7254307,10.0.0.1,10.0.0.2,40000,80,TCP,815,10.0.0.1_10.0.0.2_TCP,0.024676084518432617
1765271868.727155,10.0.0.1,10.0.0.2,40000,80,TCP,969,10.0.0.1_10.0.0.2_TCP,0.0017242431640625
1765271868.7314336,10.0.0.1,10.0.0.2,40000,80,TCP,913,10.0.0.1_10.0.0.2_TCP,0.004278659820556641
1765271868.7871082,10.0.0.1,10.0.0.2,40000,80,TCP,799,10.0.0.1_10.0.0.2_TCP,0.05567455291748047
1765271868.8749027,10.0.0.1,10.0.0.2,40000,80,TCP,736,10.0.0.1_10.0.0.2_TCP,0.08779454231262207
1765271868.8815916,10.0.0.1,10.0.0.2,40000,80,TCP,1057,10.0.0.1_10.0.0.2_TCP,0.006688833236694336
1765271868.8892405,10.0.0.1,10.0.0.2,40000,80,TCP,748,10.0.0.1_10.0.0.2_TCP,0.007648944854736328
1765271868.9635322,10.0.0.1,10.0.0.2,40000,80,TCP,1164,10.0.0.1_10.0.0.2_TCP,0.07429170608520508
1765271869.16059,10.0.0.1,10.0.0.2,40000,80,TCP,508,10.0.0.1_10.0.0.2_TCP,0.19705772399902344
1765271869.1653905,10.0.0.1,10.0.0.2,40000,80,TCP,949,10.0.0.1_10.0.0.2_TCP,0.004800558090209961
1765271869.2250109,10.0.0.1,10.0.0.2,40000,80,TCP,471,10.0.0.1_10.0.0.2_TCP,0.05962038040161133
1765271869.2453575,10.0.0.1,10.0.0.2,40000,80,TCP,496,10.0.0.1_10.0.0.2_TCP,0.020346641540527344
1765271869.270884,10.0.0.1,10.0.0.2,40000,80,TCP,499,10.0.0.1_10.0.0.2_TCP,0.02552652359008789
1765271869.312487,10.0.0.1,10.0.0.2,40000,80,TCP,1040,10.0.0.1_10.0.0.2_TCP,0.04160284996032715
1765271869.3300562,10.0.0.1,10.0.0.2,40000,80,TCP,487,10.0.0.1_10.0.0.2_TCP,0.017569303512573242
1765271869.350899,10.0.0.1,10.0.0.2,40000,80,TCP,239,10.0.0.1_10.0.0.2_TCP,0.020842790603637695
1765271869.372688,10.0.0.1,10.0.0.2,40000,80,TCP,448,10.0.0.1_10.0.0.2_TCP,0.021789073944091797
1765271869.3769846,10.0.0.1,10.0.0.2,40000,80,TCP,850,10.0.0.1_10.0.0.2_TCP,0.004296541213989258
1765271869.4336908,10.0.0.1,10.0.0.2,40000,80,TCP,319,10.0.0.1_10.0.0.2_TCP,0.05670619010925293
1765271869.434777,10.0.0.1,10.0.0.2,40000,80,TCP,1446,10.0.0.1_10.0.0.2_TCP,0.0010862350463867188
1765271869.4845824,10.0.0.1,10.0.0.2,40000,80,TCP,121,10.0.0.1_10.0.0.2_TCP,0.049805402755737305
1765271869.5596304,10.0.0.1,10.0.0.2,40000,80,TCP,92,10.0.0.1_10.0.0.2_TCP,0.07504796981811523
1765271869.593272,10.0.0.1,10.0.0.2,40000,80,TCP,582,10.0.0.1_10.0.0.2_TCP,0.03364157676696777
1765271869.6027524,10.0.0.1,10.0.0.2,40000,80,TCP,890,10.0.0.1_10.0.0.2_TCP,0.009480476379394531
1765271869.6113062,10.0.0.1,10.0.0.2,40000,80,TCP,823,10.0.0.1_10.0.0.2_TCP,0.008553743362426758
1765271869.6738153,10.0.0.1,10.0.0.2,40000,80,TCP,1071,10.0.0.1_10.0.0.2_TCP,0.06250905990600586
1765271869.684121,10.0.0.1,10.0.0.2,40000,80,TCP,1173,10.0.0.1_10.0.0.2_TCP,0.010305643081665039
1765271869.6892416,10.0.0.1,10.0.0.2,40000,80,TCP,134,10.0.0.1_10.0.0.2_TCP,0.005120754241943359
1765271869.800017,10.0.0.1,10.0.0.2,40000,80,TCP,107,10.0.0.1_10.0.0.2_TCP,0.11077547073364258
1765271869.8437183,10.0.0.1,10.0.0.2,40000,80,TCP,1006,10.0.0.1_10.0.0.2_TCP,0.043701171875
1765271869.949797,10.0.0.1,10.0.0.2,40000,80,TCP,755,10.0.0.1_10.0.0.2_TCP,0.1060786247253418
1765271870.0134149,10.0.0.1,10.0.0.2,40000,80,TCP,188,10.0.0.1_10.0.0.2_TCP,0.06361794471740723
1765271870.0380049,10.0.0.1,10.0.0.2,40000,80,TCP,889,10.0.0.1_10.0.0.2_TCP,0.024590015411376953
1765271870.1487076,10.0.0.1,10.0.0.2,40000,80,TCP,789,10.0.0.1_10.0.0.2_TCP,0.1107027530670166
1765271870.1797602,10.0.0.1,10.0.0.2,40000,80,TCP,725,10.0.0.1_10.0.0.2_TCP,0.031052589416503906
1765271870.2317748,10.0.0.1,10.0.0.2,40000,80,TCP,551,10.0.0.1_10.0.0.2_TCP,0.05201458930969238
1765271870.4530663,10.0.0.1,10.0.0.2,40000,80,TCP,940,10.0.0.1_10.0.0.2_TCP,0.22129154205322266
1765271870.480523,10.0.0.1,10.0.0.2,40000,80,TCP,1023,10.0.0.1_10.0.0.2_TCP,0.02745676040649414
1765271870.481451,10.0.0.1,10.0.0.2,40000,80,TCP,202,10.0.0.1_10.0.0.2_TCP,0.0009279251098632812
1765271870.490634,10.0.0.1,10.0.0.2,40000,80,TCP,1045,10.0.0.1_10.0.0.2_TCP,0.009182929992675781
1765271870.5398896,10.0.0.1,10.0.0.2,40000,80,TCP,1298,10.0.0.1_10.0.0.2_TCP,0.0492556095123291
1765271870.5529685,10.0.0.1,10.0.0.2,40000,80,TCP,1001,10.0.0.1_10.0.0.2_TCP,0.013078927993774414
1765271870.55891,10.0.0.1,10.0.0.2,40000,80,TCP,433,10.0.0.1_10.0.0.2_TCP,0.0059413909912109375
1765271870.572688,10.0.0.1,10.0.0.2,40000,80,TCP,150,10.0.0.1_10.0.0.2_TCP,0.013778209686279297
1765271870.5920875,10.0.0.1,10.0.0.2,40000,80,TCP,949,10.0.0.1_10.0.0.2_TCP,0.019399404525756836
1765271870.611749,10.0.0.1,10.0.0.2,40000,80,TCP,63,10.0.0.1_10.0.0.2_TCP,0.019661426544189453
1765271870.6466198,10.0.0.1,10.0.0.2,40000,80,TCP,239,10.0.0.1_10.0.0.2_TCP,0.03487086296081543
1765271870.6635473,10.0.0.1,10.0.0.2,40000,80,TCP,740,10.0.0.1_10.0.0.2_TCP,0.016927480697631836
1765271870.6728678,10.0.0.1,10.0.0.2,40000,80,TCP,1283,10.0.0.1_10.0.0.2_TCP,0.009320497512817383
1765271870.7080162,10.0.0.1,10.0.0.2,40000,80,TCP,1284,10.0.0.1_10.0.0.2_TCP,0.03514838218688965
1765271870.763551,10.0.0.1,10.0.0.2,40000,80,TCP,650,10.0.0.1_10.0.0.2_TCP,0.05553483963012695
1765271870.773749,10.0.0.1,10.0.0.2,40000,80,TCP,317,10.0.0.1_10.0.0.2_TCP,0.010198116302490234
1765271870.8060615,10.0.0.1,10.0.0.2,40000,80,TCP,817,10.0.0.1_10.0.0.2_TCP,0.03231239318847656
1765271870.8361266,10.0.0.1,10.0.0.2,40000,80,TCP,1081,10.0.0.1_10.0.0.2_TCP,0.030065059661865234
1765271870.8446052,10.0.0.1,10.0.0.2,40000,80,TCP,1173,10.0.0.1_10.0.0.2_TCP,0.008478641510009766
1765271870.8685882,10.0.0.1,10.0.0.2,40000,80,TCP,769,10.0.0.1_10.0.0.2_TCP,0.023983001708984375
1765271870.887499,10.0.0.1,10.0.0.2,40000,80,TCP,1484,10.0.0.1_10.0.0.2_TCP,0.018910884857177734
1765271870.8902476,10.0.0.1,10.0.0.2,40000,80,TCP,813,10.0.0.1_10.0.0.2_TCP,0.0027484893798828125
1765271870.9055,10.0.0.1,10.0.0.2,40000,80,TCP,441,10.0.0.1_10.0.0.2_TCP,0.015252351760864258
1765271870.9079244,10.0.0.1,10.0.0.2,40000,80,TCP,1399,10.0.0.1_10.0.0.2_TCP,0.002424478530883789
1765271870.9180377,10.0.0.1,10.0.0.2,40000,80,TCP,1330,10.0.0.1_10.0.0.2_TCP,0.010113239288330078
1765271870.998665,10.0.0.1,10.0.0.2,40000,80,TCP,1183,10.0.0.1_10.0.0.2_TCP,0.08062744140625
1765271871.0143192,10.0.0.1,10.0.0.2,40000,80,TCP,1407,10.0.0.1_10.0.0.2_TCP,0.01565408706665039
1765271871.0179985,10.0.0.1,10.0.0.2,40000,80,TCP,1134,10.0.0.1_10.0.0.2_TCP,0.0036792755126953125
1765271871.1185715,10.0.0.1,10.0.0.2,40000,80,TCP,886,10.0.0.1_10.0.0.2_TCP,0.10057306289672852
1765271871.1483784,10.0.0.1,10.0.0.2,40000,80,TCP,934,10.0.0.1_10.0.0.2_TCP,0.029806852340698242
1765271871.1781018,10.0.0.1,10.0.0.2,40000,80,TCP,326,10.0.0.1_10.0.0.2_TCP,0.029723405838012695
1765271871.2140446,10.0.0.1,10.0.0.2,40000,80,TCP,1030,10.0.0.1_10.0.0.2_TCP,0.035942792892456055
1765271871.3296485,10.0.0.1,10.0.0.2,40000,80,TCP,798,10.0.0.1_10.0.0.2_TCP,0.11560392379760742
1765271871.3303852,10.0.0.1,10.0.0.2,40000,80,TCP,1102,10.0.0.1_10.0.0.2_TCP,0.0007367134094238281
1765271871.3469722,10.0.0.1,10.0.0.2,40000,80,TCP,518,10.0.0.1_10.0.0.2_TCP,0.016587018966674805
1765271871.353045,10.0.0.1,10.0.0.2,40000,80,TCP,400,10.0.0.1_10.0.0.2_TCP,0.0060727596282958984
1765271871.388168,10.0.0.1,10.0.0.2,40000,80,TCP,375,10.0.0.1_10.0.0.2_TCP,0.03512310981750488
1765271871.426579,10.0.0.1,10.0.0.2,40000,80,TCP,1348,10.0.0.1_10.0.0.2_TCP,0.03841090202331543
1765271871.433497,10.0.0.1,10.0.0.2,40000,80,TCP,1463,10.0.0.1_10.0.0.2_TCP,0.0069179534912109375
1765271871.4545994,10.0.0.1,10.0.0.2,40000,80,TCP,1031,10.0.0.1_10.0.0.2_TCP,0.021102428436279297
1765271871.4871316,10.0.0.1,10.0.0.2,40000,80,TCP,364,10.0.0.1_10.0.0.2_TCP,0.0325322151184082
1765271871.5090384,10.0.0.1,10.0.0.2,40000,80,TCP,525,10.0.0.1_10.0.0.2_TCP,0.02190685272216797
1765271871.6282852,10.0.0.1,10.0.0.2,40000,80,TCP,907,10.0.0.1_10.0.0.2_TCP,0.1192467212677002
1765271871.6336858,10.0.0.1,10.0.0.2,40000,80,TCP,912,10.0.0.1_10.0.0.2_TCP,0.005400657653808594
1765271871.6684775,10.0.0.1,10.0.0.2,40000,80,TCP,1043,10.0.0.1_10.0.0.2_TCP,0.03479170799255371
1765271871.680107,10.0.0.1,10.0.0.2,40000,80,TCP,805,10.0.0.1_10.0.0.2_TCP,0.011629581451416016
1765271871.680992,10.0.0.1,10.0.0.2,40000,80,TCP,987,10.0.0.1_10.0.0.2_TCP,0.0008847713470458984
1765271871.7634757,10.0.0.1,10.0.0.2,40000,80,TCP,1265,10.0.0.1_10.0.0.2_TCP,0.08248376846313477
1765271871.7719584,10.0.0.1,10.0.0.2,40000,80,TCP,825,10.0.0.1_10.0.0.2_TCP,0.008482694625854492
1765271871.8356545,10.0.0.1,10.0.0.2,40000,80,TCP,594,10.0.0.1_10.0.0.2_TCP,0.06369614601135254
1765271871.856012,10.0.0.1,10.0.0.2,40000,80,TCP,883,10.0.0.1_10.0.0.2_TCP,0.020357608795166016
1765271871.878051,10.0.0.1,10.0.0.2,40000,80,TCP,169,10.0.0.1_10.0.0.2_TCP,0.022038936614990234
1765271871.8807635,10.0.0.1,10.0.0.2,40000,80,TCP,1247,10.0.0.1_10.0.0.2_TCP,0.0027124881744384766
1765271871.990122,10.0.0.1,10.0.0.2,40000,80,TCP,1196,10.0.0.1_10.0.0.2_TCP,0.10935854911804199
1765271871.9981062,10.0.0.1,10.0.0.2,40000,80,TCP,350,10.0.0.1_10.0.0.2_TCP,0.007984161376953125
1765271872.0613878,10.0.0.1,10.0.0.2,40000,80,TCP,1368,10.0.0.1_10.0.0.2_TCP,0.06328153610229492
1765271872.070725,10.0.0.1,10.0.0.2,40000,80,TCP,1221,10.0.0.1_10.0.0.2_TCP,0.009337186813354492
1765271872.1109064,10.0.0.1,10.0.0.2,40000,80,TCP,1180,10.0.0.1_10.0.0.2_TCP,0.04018139839172363
1765271872.1117125,10.0.0.1,10.0.0.2,40000,80,TCP,542,10.0.0.1_10.0.0.2_TCP,0.0008060932159423828
1765271872.1328356,10.0.0.1,10.0.0.2,40000,80,TCP,1043,10.0.0.1_10.0.0.2_TCP,0.021123170852661133
1765271872.322236,10.0.0.1,10.0.0.2,40000,80,TCP,1469,10.0.0.1_10.0.0.2_TCP,0.18940043449401855
1765271872.3533957,10.0.0.1,10.0.0.2,40000,80,TCP,518,10.0.0.1_10.0.0.2_TCP,0.031159639358520508
1765271872.3836942,10.0.0.1,10.0.0.2,40000,80,TCP,1286,10.0.0.1_10.0.0.2_TCP,0.030298471450805664
1765271872.392022,10.0.0.1,10.0.0.2,40000,80,TCP,1484,10.0.0.1_10.0.0.2_TCP,0.008327722549438477
1765271872.4282677,10.0.0.1,10.0.0.2,40000,80,TCP,1083,10.0.0.1_10.0.0.2_TCP,0.03624582290649414
1765271872.4464843,10.0.0.1,10.0.0.2,40000,80,TCP,1125,10.0.0.1_10.0.0.2_TCP,0.018216609954833984
1765271872.5575645,10.0.0.1,10.0.0.2,40000,80,TCP,357,10.0.0.1_10.0.0.2_TCP,0.11108016967773438
1765271872.617776,10.0.0.1,10.0.0.2,40000,80,TCP,1238,10.0.0.1_10.0.0.2_TCP,0.0602114200592041
1765271872.6269991,10.0.0.1,10.0.0.2,40000,80,TCP,1025,10.0.0.1_10.0.0.2_TCP,0.009223222732543945
1765271872.666599,10.0.0.1,10.0.0.2,40000,80,TCP,1010,10.0.0.1_10.0.0.2_TCP,0.03959989547729492
1765271872.6755898,10.0.0.1,10.0.0.2,40000,80,TCP,234,10.0.0.1_10.0.0.2_TCP,0.008990764617919922
1765271872.701688,10.0.0.1,10.0.0.2,40000,80,TCP,671,10.0.0.1_10.0.0.2_TCP,0.026098251342773438
1765271872.7252595,10.0.0.1,10.0.0.2,40000,80,TCP,638,10.0.0.1_10.0.0.2_TCP,0.023571491241455078
1765271872.7476354,10.0.0.1,10.0.0.2,40000,80,TCP,802,10.0.0.1_10.0.0.2_TCP,0.022375822067260742
1765271872.7753112,10.0.0.1,10.0.0.2,40000,80,TCP,772,10.0.0.1_10.0.0.2_TCP,0.027675867080688477
1765271872.812886,10.0.0.1,10.0.0.2,40000,80,TCP,848,10.0.0.1_10.0.0.2_TCP,0.03757476806640625
1765271872.850795,10.0.0.1,10.0.0.2,40000,80,TCP,1415,10.0.0.1_10.0.0.2_TCP,0.03790903091430664
1765271872.888882,10.0.0.1,10.0.0.2,40000,80,TCP,264,10.0.0.1_10.0.0.2_TCP,0.038086891174316406
1765271872.8889053,10.0.0.1,10.0.0.2,40000,80,TCP,1180,10.0.0.1_10.0.0.2_TCP,2.3365020751953125e-05
1765271872.889428,10.0.0.1,10.0.0.2,40000,80,TCP,926,10.0.0.1_10.0.0.2_TCP,0.000522613525390625
1765271872.9093854,10.0.0.1,10.0.0.2,40000,80,TCP,1237,10.0.0.1_10.0.0.2_TCP,0.019957542419433594
1765271872.9569714,10.0.0.1,10.0.0.2,40000,80,TCP,782,10.0.0.1_10.0.0.2_TCP,0.04758596420288086
1765271872.9934552,10.0.0.1,10.0.0.2,40000,80,TCP,496,10.0.0.1_10.0.0.2_TCP,0.0364837646484375
1765271873.0037084,10.0.0.1,10.0.0.2,40000,80,TCP,1363,10.0.0.1_10.0.0.2_TCP,0.010253190994262695
1765271873.12911,10.0.0.1,10.0.0.2,40000,80,TCP,1053,10.0.0.1_10.0.0.2_TCP,0.12540173530578613
1765271873.138525,10.0.0.1,10.0.0.2,40000,80,TCP,981,10.0.0.1_10.0.0.2_TCP,0.009414911270141602
1765271873.145078,10.0.0.1,10.0.0.2,40000,80,TCP,906,10.0.0.1_10.0.0.2_TCP,0.006552934646606445
1765271873.2087538,10.0.0.1,10.0.0.2,40000,80,TCP,500,10.0.0.1_10.0.0.2_TCP,0.0636758804321289
1765271873.23055,10.0.0.1,10.0.0.2,40000,80,TCP,378,10.0.0.1_10.0.0.2_TCP,0.021796226501464844
1765271873.297125,10.0.0.1,10.0.0.2,40000,80,TCP,1245,10.0.0.1_10.0.0.2_TCP,0.0665750503540039
1765271873.3393283,10.0.0.1,10.0.0.2,40000,80,TCP,984,10.0.0.1_10.0.0.2_TCP,0.04220318794250488
1765271873.3556356,10.0.0.1,10.0.0.2,40000,80,TCP,882,10.0.0.1_10.0.0.2_TCP,0.016307353973388672
1765271873.3864508,10.0.0.1,10.0.0.2,40000,80,TCP,1485,10.0.0.1_10.0.0.2_TCP,0.03081512451171875
1765271873.4304354,10.0.0.1,10.0.0.2,40000,80,TCP,1217,10.0.0.1_10.0.0.2_TCP,0.04398465156555176
1765271873.4381795,10.0.0.1,10.0.0.2,40000,80,TCP,877,10.0.0.1_10.0.0.2_TCP,0.0077440738677978516
1765271873.4558828,10.0.0.1,10.0.0.2,40000,80,TCP,1068,10.0.0.1_10.0.0.2_TCP,0.01770329475402832
1765271873.464763,10.0.0.1,10.0.0.2,40000,80,TCP,407,10.0.0.1_10.0.0.2_TCP,0.008880138397216797
1765271873.4760773,10.0.0.1,10.0.0.2,40000,80,TCP,169,10.0.0.1_10.0.0.2_TCP,0.01131439208984375
1765271873.481143,10.0.0.1,10.0.0.2,40000,80,TCP,272,10.0.0.1_10.0.0.2_TCP,0.0050656795501708984
1765271873.483583,10.0.0.1,10.0.0.2,40000,80,TCP,1461,10.0.0.1_10.0.0.2_TCP,0.0024399757385253906
1765271873.5506077,10.0.0.1,10.0.0.2,40000,80,TCP,1253,10.0.0.1_10.0.0.2_TCP,0.06702470779418945
1765271873.5696137,10.0.0.1,10.0.0.2,40000,80,TCP,1020,10.0.0.1_10.0.0.2_TCP,0.019006013870239258
1765271873.5861883,10.0.0.1,10.0.0.2,40000,80,TCP,730,10.0.0.1_10.0.0.2_TCP,0.016574621200561523
1765271873.6028247,10.0.0.1,10.0.0.2,40000,80,TCP,305,10.0.0.1_10.0.0.2_TCP,0.016636371612548828
1765271873.6298587,10.0.0.1,10.0.0.2,40000,80,TCP,645,10.0.0.1_10.0.0.2_TCP,0.02703404426574707
1765271873.6563702,10.0.0.1,10.0.0.2,40000,80,TCP,1310,10.0.0.1_10.0.0.2_TCP,0.026511430740356445
1765271873.7874026,10.0.0.1,10.0.0.2,40000,80,TCP,1112,10.0.0.1_10.0.0.2_TCP,0.13103246688842773
1765271873.819532,10.0.0.1,10.0.0.2,40000,80,TCP,1106,10.0.0.1_10.0.0.2_TCP,0.03212928771972656
1765271873.8837907,10.0.0.1,10.0.0.2,40000,80,TCP,184,10.0.0.1_10.0.0.2_TCP,0.06425881385803223
1765271873.923234,10.0.0.1,10.0.0.2,40000,80,TCP,269,10.0.0.1_10.0.0.2_TCP,0.039443254470825195
1765271873.933266,10.0.0.1,10.0.0.2,40000,80,TCP,1112,10.0.0.1_10.0.0.2_TCP,0.010031938552856445
1765271873.9675736,10.0.0.1,10.0.0.2,40000,80,TCP,788,10.0.0.1_10.0.0.2_TCP,0.03430771827697754
1765271873.994771,10.0.0.1,10.0.0.2,40000,80,TCP,1121,10.0.0.1_10.0.0.2_TCP,0.02719736099243164
1765271874.002923,10.0.0.1,10.0.0.2,40000,80,TCP,1472,10.0.0.1_10.0.0.2_TCP,0.008152008056640625
1765271874.0651124,10.0.0.1,10.0.0.2,40000,80,TCP,167,10.0.0.1_10.0.0.2_TCP,0.062189340591430664
1765271874.0839105,10.0.0.1,10.0.0.2,40000,80,TCP,744,10.0.0.1_10.0.0.2_TCP,0.018798112869262695
1765271874.091556,10.0.0.1,10.0.0.2,40000,80,TCP,1312,10.0.0.1_10.0.0.2_TCP,0.007645606994628906
1765271874.1347492,10.0.0.1,10.0.0.2,40000,80,TCP,1168,10.0.0.1_10.0.0.2_TCP,0.04319310188293457
1765271874.171399,10.0.0.1,10.0.0.2,40000,80,TCP,474,10.0.0.1_10.0.0.2_TCP,0.03664994239807129
1765271874.1771064,10.0.0.1,10.0.0.2,40000,80,TCP,1434,10.0.0.1_10.0.0.2_TCP,0.005707263946533203
1765271874.2405922,10.0.0.1,10.0.0.2,40000,80,TCP,463,10.0.0.1_10.0.0.2_TCP,0.06348586082458496
1765271874.2474773,10.0.0.1,10.0.0.2,40000,80,TCP,1042,10.0.0.1_10.0.0.2_TCP,0.006885051727294922
1765271874.2842858,10.0.0.1,10.0.0.2,40000,80,TCP,621,10.0.0.1_10.0.0.2_TCP,0.03680849075317383
1765271874.3446395,10.0.0.1,10.0.0.2,40000,80,TCP,1464,10.0.0.1_10.0.0.2_TCP,0.060353755950927734
1765271874.378727,10.0.0.1,10.0.0.2,40000,80,TCP,709,10.0.0.1_10.0.0.2_TCP,0.034087419509887695
1765271874.4006968,10.0.0.1,10.0.0.2,40000,80,TCP,307,10.0.0.1_10.0.0.2_TCP,0.02196979522705078
1765271874.40699,10.0.0.1,10.0.0.2,40000,80,TCP,1318,10.0.0.1_10.0.0.2_TCP,0.006293296813964844
1765271874.4844394,10.0.0.1,10.0.0.2,40000,80,TCP,791,10.0.0.1_10.0.0.2_TCP,0.07744932174682617
1765271874.5355768,10.0.0.1,10.0.0.2,40000,80,TCP,463,10.0.0.1_10.0.0.2_TCP,0.051137447357177734
1765271874.6076183,10.0.0.1,10.0.0.2,40000,80,TCP,808,10.0.0.1_10.0.0.2_TCP,0.07204151153564453
1765271874.6214304,10.0.0.1,10.0.0.2,40000,80,TCP,322,10.0.0.1_10.0.0.2_TCP,0.013812065124511719
1765271874.621629,10.0.0.1,10.0.0.2,40000,80,TCP,1494,10.0.0.1_10.0.0.2_TCP,0.00019860267639160156
1765271874.630944,10.0.0.1,10.0.0.2,40000,80,TCP,1205,10.0.0.1_10.0.0.2_TCP,0.009315013885498047
1765271874.6336408,10.0.0.1,10.0.0.2,40000,80,TCP,855,10.0.0.1_10.0.0.2_TCP,0.0026967525482177734
1765271874.6946578,10.0.0.1,10.0.0.2,40000,80,TCP,1046,10.0.0.1_10.0.0.2_TCP,0.06101703643798828
1765271874.713725,10.0.0.1,10.0.0.2,40000,80,TCP,1161,10.0.0.1_10.0.0.2_TCP,0.01906728744506836
1765271874.7507498,10.0.0.1,10.0.0.2,40000,80,TCP,881,10.0.0.1_10.0.0.2_TCP,0.037024736404418945
1765271874.7539177,10.0.0.1,10.0.0.2,40000,80,TCP,579,10.0.0.1_10.0.0.2_TCP,0.003167867660522461
1765271874.8524313,10.0.0.1,10.0.0.2,40000,80,TCP,180,10.0.0.1_10.0.0.2_TCP,0.09851360321044922
1765271874.860154,10.0.0.1,10.0.0.2,40000,80,TCP,724,10.0.0.1_10.0.0.2_TCP,0.007722616195678711
1765271874.902782,10.0.0.1,10.0.0.2,40000,80,TCP,1154,10.0.0.1_10.0.0.2_TCP,0.04262804985046387
1765271874.9201992,10.0.0.1,10.0.0.2,40000,80,TCP,606,10.0.0.1_10.0.0.2_TCP,0.017417192459106445
1765271874.9597352,10.0.0.1,10.0.0.2,40000,80,TCP,887,10.0.0.1_10.0.0.2_TCP,0.0395359992980957
1765271875.0112858,10.0.0.1,10.0.0.2,40000,80,TCP,1195,10.0.0.1_10.0.0.2_TCP,0.05155062675476074
1765271875.0206492,10.0.0.1,10.0.0.2,40000,80,TCP,1329,10.0.0.1_10.0.0.2_TCP,0.009363412857055664
1765271875.0611794,10.0.0.1,10.0.0.2,40000,80,TCP,367,10.0.0.1_10.0.0.2_TCP,0.04053020477294922
1765271875.0931375,10.0.0.1,10.0.0.2,40000,80,TCP,670,10.0.0.1_10.0.0.2_TCP,0.03195810317993164
1765271875.1163363,10.0.0.1,10.0.0.2,40000,80,TCP,556,10.0.0.1_10.0.0.2_TCP,0.023198843002319336
1765271875.2268732,10.0.0.1,10.0.0.2,40000,80,TCP,1161,10.0.0.1_10.0.0.2_TCP,0.11053681373596191
1765271875.2355368,10.0.0.1,10.0.0.2,40000,80,TCP,754,10.0.0.1_10.0.0.2_TCP,0.008663654327392578
1765271875.262098,10.0.0.1,10.0.0.2,40000,80,TCP,1383,10.0.0.1_10.0.0.2_TCP,0.026561260223388672
1765271875.2933595,10.0.0.1,10.0.0.2,40000,80,TCP,97,10.0.0.1_10.0.0.2_TCP,0.031261444091796875
1765271875.3211443,10.0.0.1,10.0.0.2,40000,80,TCP,1122,10.0.0.1_10.0.0.2_TCP,0.02778482437133789
1765271875.349363,10.0.0.1,10.0.0.2,40000,80,TCP,816,10.0.0.1_10.0.0.2_TCP,0.028218746185302734
1765271875.3536332,10.0.0.1,10.0.0.2,40000,80,TCP,785,10.0.0.1_10.0.0.2_TCP,0.004270076751708984
1765271875.4202185,10.0.0.1,10.0.0.2,40000,80,TCP,508,10.0.0.1_10.0.0.2_TCP,0.06658530235290527
1765271875.5042863,10.0.0.1,10.0.0.2,40000,80,TCP,377,10.0.0.1_10.0.0.2_TCP,0.08406782150268555
1765271875.5148995,10.0.0.1,10.0.0.2,40000,80,TCP,1070,10.0.0.1_10.0.0.2_TCP,0.010613203048706055
1765271875.5678988,10.0.0.1,10.0.0.2,40000,80,TCP,64,10.0.0.1_10.0.0.2_TCP,0.052999258041381836
1765271875.629982,10.0.0.1,10.0.0.2,40000,80,TCP,1207,10.0.0.1_10.0.0.2_TCP,0.06208324432373047
1765271875.6498034,10.0.0.1,10.0.0.2,40000,80,TCP,304,10.0.0.1_10.0.0.2_TCP,0.0198214054107666
1765271875.6663668,10.0.0.1,10.0.0.2,40000,80,TCP,1339,10.0.0.1_10.0.0.2_TCP,0.01656341552734375
1765271875.6781073,10.0.0.1,10.0.0.2,40000,80,TCP,161,10.0.0.1_10.0.0.2_TCP,0.011740446090698242
1765271875.7427068,10.0.0.1,10.0.0.2,40000,80,TCP,491,10.0.0.1_10.0.0.2_TCP,0.06459951400756836
1765271875.8190298,10.0.0.1,10.0.0.2,40000,80,TCP,908,10.0.0.1_10.0.0.2_TCP,0.07632303237915039
1765271875.8665712,10.0.0.1,10.0.0.2,40000,80,TCP,1008,10.0.0.1_10.0.0.2_TCP,0.04754137992858887
1765271875.9141805,10.0.0.1,10.0.0.2,40000,80,TCP,1187,10.0.0.1_10.0.0.2_TCP,0.04760932922363281
1765271875.995333,10.0.0.1,10.0.0.2,40000,80,TCP,1128,10.0.0.1_10.0.0.2_TCP,0.08115243911743164
1765271876.0763705,10.0.0.1,10.0.0.2,40000,80,TCP,717,10.0.0.1_10.0.0.2_TCP,0.08103752136230469
1765271876.078829,10.0.0.1,10.0.0.2,40000,80,TCP,1345,10.0.0.1_10.0.0.2_TCP,0.0024585723876953125
1765271876.115164,10.0.0.1,10.0.0.2,40000,80,TCP,435,10.0.0.1_10.0.0.2_TCP,0.036334991455078125
1765271876.1220102,10.0.0.1,10.0.0.2,40000,80,TCP,1485,10.0.0.1_10.0.0.2_TCP,0.006846189498901367
1765271876.127877,10.0.0.1,10.0.0.2,40000,80,TCP,651,10.0.0.1_10.0.0.2_TCP,0.0058667659759521484
1765271876.1410265,10.0.0.1,10.0.0.2,40000,80,TCP,545,10.0.0.1_10.0.0.2_TCP,0.013149499893188477
1765271876.1441882,10.0.0.1,10.0.0.2,40000,80,TCP,1395,10.0.0.1_10.0.0.2_TCP,0.0031616687774658203
1765271876.157812,10.0.0.1,10.0.0.2,40000,80,TCP,1209,10.0.0.1_10.0.0.2_TCP,0.013623952865600586
1765271876.1995945,10.0.0.1,10.0.0.2,40000,80,TCP,1272,10.0.0.1_10.0.0.2_TCP,0.041782379150390625
1765271876.2022426,10.0.0.1,10.0.0.2,40000,80,TCP,519,10.0.0.1_10.0.0.2_TCP,0.0026481151580810547
1765271876.2166817,10.0.0.1,10.0.0.2,40000,80,TCP,1228,10.0.0.1_10.0.0.2_TCP,0.014439105987548828
1765271876.2627,10.0.0.1,10.0.0.2,40000,80,TCP,1090,10.0.0.1_10.0.0.2_TCP,0.046018362045288086
1765271876.265648,10.0.0.1,10.0.0.2,40000,80,TCP,170,10.0.0.1_10.0.0.2_TCP,0.0029478073120117188
1765271876.2805529,10.0.0.1,10.0.0.2,40000,80,TCP,1414,10.0.0.1_10.0.0.2_TCP,0.014904975891113281
1765271876.3266876,10.0.0.1,10.0.0.2,40000,80,TCP,1045,10.0.0.1_10.0.0.2_TCP,0.04613471031188965
1765271876.332239,10.0.0.1,10.0.0.2,40000,80,TCP,595,10.0.0.1_10.0.0.2_TCP,0.005551338195800781
1765271876.380309,10.0.0.1,10.0.0.2,40000,80,TCP,1028,10.0.0.1_10.0.0.2_TCP,0.04807019233703613
1765271876.3829722,10.0.0.1,10.0.0.2,40000,80,TCP,1446,10.0.0.1_10.0.0.2_TCP,0.002663135528564453
1765271876.3970332,10.0.0.1,10.0.0.2,40000,80,TCP,769,10.0.0.1_10.0.0.2_TCP,0.01406097412109375
1765271876.3986726,10.0.0.1,10.0.0.2,40000,80,TCP,398,10.0.0.1_10.0.0.2_TCP,0.0016393661499023438
1765271876.4220212,10.0.0.1,10.0.0.2,40000,80,TCP,1022,10.0.0.1_10.0.0.2_TCP,0.023348569869995117
1765271876.4304433,10.0.0.1,10.0.0.2,40000,80,TCP,1341,10.0.0.1_10.0.0.2_TCP,0.008422136306762695
1765271876.4339268,10.0.0.1,10.0.0.2,40000,80,TCP,1121,10.0.0.1_10.0.0.2_TCP,0.0034835338592529297
1765271876.4421403,10.0.0.1,10.0.0.2,40000,80,TCP,340,10.0.0.1_10.0.0.2_TCP,0.008213520050048828
1765271876.456311,10.0.0.1,10.0.0.2,40000,80,TCP,639,10.0.0.1_10.0.0.2_TCP,0.014170646667480469
1765271876.4568448,10.0.0.1,10.0.0.2,40000,80,TCP,1226,10.0.0.1_10.0.0.2_TCP,0.0005338191986083984
1765271876.5627954,10.0.0.1,10.0.0.2,40000,80,TCP,1181,10.0.0.1_10.0.0.2_TCP,0.10595059394836426
1765271876.5628405,10.0.0.1,10.0.0.2,40000,80,TCP,776,10.0.0.1_10.0.0.2_TCP,4.506111145019531e-05
1765271876.5842726,10.0.0.1,10.0.0.2,40000,80,TCP,1174,10.0.0.1_10.0.0.2_TCP,0.021432161331176758
1765271876.5860014,10.0.0.1,10.0.0.2,40000,80,TCP,927,10.0.0.1_10.0.0.2_TCP,0.0017287731170654297
1765271876.6969817,10.0.0.1,10.0.0.2,40000,80,TCP,685,10.0.0.1_10.0.0.2_TCP,0.11098027229309082
1765271876.7125416,10.0.0.1,10.0.0.2,40000,80,TCP,381,10.0.0.1_10.0.0.2_TCP,0.015559911727905273
1765271876.7335274,10.0.0.1,10.0.0.2,40000,80,TCP,563,10.0.0.1_10.0.0.2_TCP,0.020985841751098633
1765271876.743047,10.0.0.1,10.0.0.2,40000,80,TCP,1269,10.0.0.1_10.0.0.2_TCP,0.009519577026367188
1765271876.7452924,10.0.0.1,10.0.0.2,40000,80,TCP,572,10.0.0.1_10.0.0.2_TCP,0.0022454261779785156
1765271876.7678685,10.0.0.1,10.0.0.2,40000,80,TCP,1351,10.0.0.1_10.0.0.2_TCP,0.022576093673706055
1765271876.8869882,10.0.0.1,10.0.0.2,40000,80,TCP,1105,10.0.0.1_10.0.0.2_TCP,0.11911964416503906
1765271876.9576385,10.0.0.1,10.0.0.2,40000,80,TCP,1177,10.0.0.1_10.0.0.2_TCP,0.07065033912658691
1765271877.0128086,10.0.0.1,10.0.0.2,40000,80,TCP,1025,10.0.0.1_10.0.0.2_TCP,0.05517005920410156
1765271877.018056,10.0.0.1,10.0.0.2,40000,80,TCP,1219,10.0.0.1_10.0.0.2_TCP,0.005247354507446289
1765271877.035894,10.0.0.1,10.0.0.2,40000,80,TCP,678,10.0.0.1_10.0.0.2_TCP,0.017838001251220703
1765271877.0520718,10.0.0.1,10.0.0.2,40000,80,TCP,201,10.0.0.1_10.0.0.2_TCP,0.016177892684936523
1765271877.065378,10.0.0.1,10.0.0.2,40000,80,TCP,119,10.0.0.1_10.0.0.2_TCP,0.013306140899658203
1765271877.0672414,10.0.0.1,10.0.0.2,40000,80,TCP,1300,10.0.0.1_10.0.0.2_TCP,0.0018634796142578125
1765271877.1033044,10.0.0.1,10.0.0.2,40000,80,TCP,1425,10.0.0.1_10.0.0.2_TCP,0.03606295585632324
1765271877.119845,10.0.0.1,10.0.0.2,40000,80,TCP,123,10.0.0.1_10.0.0.2_TCP,0.01654052734375
1765271877.1466334,10.0.0.1,10.0.0.2,40000,80,TCP,1268,10.0.0.1_10.0.0.2_TCP,0.02678847312927246
1765271877.1533856,10.0.0.1,10.0.0.2,40000,80,TCP,936,10.0.0.1_10.0.0.2_TCP,0.0067522525787353516
1765271877.2476077,10.0.0.1,10.0.0.2,40000,80,TCP,776,10.0.0.1_10.0.0.2_TCP,0.0942220687866211
1765271877.4037209,10.0.0.1,10.0.0.2,40000,80,TCP,1464,10.0.0.1_10.0.0.2_TCP,0.1561131477355957
1765271877.4072795,10.0.0.1,10.0.0.2,40000,80,TCP,1086,10.0.0.1_10.0.0.2_TCP,0.003558635711669922
1765271877.4155097,10.0.0.1,10.0.0.2,40000,80,TCP,697,10.0.0.1_10.0.0.2_TCP,0.008230209350585938
1765271877.509131,10.0.0.1,10.0.0.2,40000,80,TCP,473,10.0.0.1_10.0.0.2_TCP,0.09362125396728516
1765271877.523478,10.0.0.1,10.0.0.2,40000,80,TCP,501,10.0.0.1_10.0.0.2_TCP,0.014347076416015625
1765271877.5585384,10.0.0.1,10.0.0.2,40000,80,TCP,662,10.0.0.1_10.0.0.2_TCP,0.03506040573120117
1765271877.6551006,10.0.0.1,10.0.0.2,40000,80,TCP,1497,10.0.0.1_10.0.0.2_TCP,0.09656214714050293
1765271877.7175195,10.0.0.1,10.0.0.2,40000,80,TCP,1406,10.0.0.1_10.0.0.2_TCP,0.06241893768310547
1765271877.7242389,10.0.0.1,10.0.0.2,40000,80,TCP,915,10.0.0.1_10.0.0.2_TCP,0.006719350814819336
1765271877.7269344,10.0.0.1,10.0.0.2,40000,80,TCP,255,10.0.0.1_10.0.0.2_TCP,0.0026955604553222656
1765271877.7446356,10.0.0.1,10.0.0.2,40000,80,TCP,383,10.0.0.1_10.0.0.2_TCP,0.017701148986816406
1765271877.84074,10.0.0.1,10.0.0.2,40000,80,TCP,62,10.0.0.1_10.0.0.2_TCP,0.09610438346862793
1765271877.8709352,10.0.0.1,10.0.0.2,40000,80,TCP,930,10.0.0.1_10.0.0.2_TCP,0.030195236206054688
1765271878.2276957,10.0.0.1,10.0.0.2,40000,80,TCP,253,10.0.0.1_10.0.0.2_TCP,0.35676050186157227
1765271878.2409515,10.0.0.1,10.0.0.2,40000,80,TCP,1146,10.0.0.1_10.0.0.2_TCP,0.013255834579467773
1765271878.2733765,10.0.0.1,10.0.0.2,40000,80,TCP,933,10.0.0.1_10.0.0.2_TCP,0.0324249267578125
1765271878.3236332,10.0.0.1,10.0.0.2,40000,80,TCP,735,10.0.0.1_10.0.0.2_TCP,0.05025672912597656
1765271878.3380065,10.0.0.1,10.0.0.2,40000,80,TCP,1217,10.0.0.1_10.0.0.2_TCP,0.014373302459716797
1765271878.3445125,10.0.0.1,10.0.0.2,40000,80,TCP,1002,10.0.0.1_10.0.0.2_TCP,0.0065059661865234375
1765271878.3634782,10.0.0.1,10.0.0.2,40000,80,TCP,1288,10.0.0.1_10.0.0.2_TCP,0.018965721130371094
1765271878.3738096,10.0.0.1,10.0.0.2,40000,80,TCP,1394,10.0.0.1_10.0.0.2_TCP,0.010331392288208008
1765271878.4087794,10.0.0.1,10.0.0.2,40000,80,TCP,274,10.0.0.1_10.0.0.2_TCP,0.03496980667114258
1765271878.4275486,10.0.0.1,10.0.0.2,40000,80,TCP,1083,10.0.0.1_10.0.0.2_TCP,0.018769264221191406
1765271878.4349568,10.0.0.1,10.0.0.2,40000,80,TCP,598,10.0.0.1_10.0.0.2_TCP,0.00740814208984375
1765271878.4536734,10.0.0.1,10.0.0.2,40000,80,TCP,695,10.0.0.1_10.0.0.2_TCP,0.01871657371520996
1765271878.583974,10.0.0.1,10.0.0.2,40000,80,TCP,150,10.0.0.1_10.0.0.2_TCP,0.13030052185058594
1765271878.6231203,10.0.0.1,10.0.0.2,40000,80,TCP,596,10.0.0.1_10.0.0.2_TCP,0.03914642333984375
1765271878.635586,10.0.0.1,10.0.0.2,40000,80,TCP,482,10.0.0.1_10.0.0.2_TCP,0.012465715408325195
1765271878.7088144,10.0.0.1,10.0.0.2,40000,80,TCP,861,10.0.0.1_10.0.0.2_TCP,0.07322835922241211
1765271878.7732213,10.0.0.1,10.0.0.2,40000,80,TCP,510,10.0.0.1_10.0.0.2_TCP,0.0644068717956543
1765271878.7807646,10.0.0.1,10.0.0.2,40000,80,TCP,473,10.0.0.1_10.0.0.2_TCP,0.007543325424194336
1765271878.894361,10.0.0.1,10.0.0.2,40000,80,TCP,433,10.0.0.1_10.0.0.2_TCP,0.11359643936157227
1765271878.8984792,10.0.0.1,10.0.0.2,40000,80,TCP,1403,10.0.0.1_10.0.0.2_TCP,0.004118204116821289
1765271878.9029434,10.0.0.1,10.0.0.2,40000,80,TCP,256,10.0.0.1_10.0.0.2_TCP,0.004464149475097656
1765271878.9043715,10.0.0.1,10.0.0.2,40000,80,TCP,852,10.0.0.1_10.0.0.2_TCP,0.0014281272888183594
1765271878.9140444,10.0.0.1,10.0.0.2,40000,80,TCP,1137,10.0.0.1_10.0.0.2_TCP,0.009672880172729492
1765271878.944734,10.0.0.1,10.0.0.2,40000,80,TCP,1205,10.0.0.1_10.0.0.2_TCP,0.030689716339111328
1765271878.9664116,10.0.0.1,10.0.0.2,40000,80,TCP,1209,10.0.0.1_10.0.0.2_TCP,0.021677494049072266
1765271879.1128955,10.0.0.1,10.0.0.2,40000,80,TCP,1134,10.0.0.1_10.0.0.2_TCP,0.1464838981628418
1765271879.1411426,10.0.0.1,10.0.0.2,40000,80,TCP,1470,10.0.0.1_10.0.0.2_TCP,0.02824711799621582
1765271879.1510556,10.0.0.1,10.0.0.2,40000,80,TCP,993,10.0.0.1_10.0.0.2_TCP,0.009912967681884766
1765271879.2977126,10.0.0.1,10.0.0.2,40000,80,TCP,1229,10.0.0.1_10.0.0.2_TCP,0.14665699005126953
1765271879.3099134,10.0.0.1,10.0.0.2,40000,80,TCP,669,10.0.0.1_10.0.0.2_TCP,0.01220083236694336
1765271879.3217,10.0.0.1,10.0.0.2,40000,80,TCP,96,10.0.0.1_10.0.0.2_TCP,0.011786699295043945
1765271879.464744,10.0.0.1,10.0.0.2,40000,80,TCP,1399,10.0.0.1_10.0.0.2_TCP,0.14304399490356445
1765271879.5013208,10.0.0.1,10.0.0.2,40000,80,TCP,546,10.0.0.1_10.0.0.2_TCP,0.03657674789428711
1765271879.5090704,10.0.0.1,10.0.0.2,40000,80,TCP,580,10.0.0.1_10.0.0.2_TCP,0.0077495574951171875
1765271879.5345314,10.0.0.1,10.0.0.2,40000,80,TCP,492,10.0.0.1_10.0.0.2_TCP,0.02546095848083496
1765271879.5844662,10.0.0.1,10.0.0.2,40000,80,TCP,1366,10.0.0.1_10.0.0.2_TCP,0.04993486404418945
1765271879.6071978,10.0.0.1,10.0.0.2,40000,80,TCP,1066,10.0.0.1_10.0.0.2_TCP,0.022731542587280273
1765271879.6228304,10.0.0.1,10.0.0.2,40000,80,TCP,560,10.0.0.1_10.0.0.2_TCP,0.01563262939453125
1765271879.63493,10.0.0.1,10.0.0.2,40000,80,TCP,908,10.0.0.1_10.0.0.2_TCP,0.012099504470825195
1765271879.6421037,10.0.0.1,10.0.0.2,40000,80,TCP,167,10.0.0.1_10.0.0.2_TCP,0.007173776626586914
1765271879.7213902,10.0.0.1,10.0.0.2,40000,80,TCP,1062,10.0.0.1_10.0.0.2_TCP,0.07928657531738281
1765271879.7628577,10.0.0.1,10.0.0.2,40000,80,TCP,1044,10.0.0.1_10.0.0.2_TCP,0.04146742820739746
1765271879.7807012,10.0.0.1,10.0.0.2,40000,80,TCP,78,10.0.0.1_10.0.0.2_TCP,0.01784348487854004
1765271879.8179266,10.0.0.1,10.0.0.2,40000,80,TCP,183,10.0.0.1_10.0.0.2_TCP,0.03722548484802246
1765271879.819473,10.0.0.1,10.0.0.2,40000,80,TCP,326,10.0.0.1_10.0.0.2_TCP,0.0015463829040527344
